-- MySQL dump 10.13  Distrib 5.6.23, for Win32 (x86)
--
-- Host: localhost    Database: wrs
-- ------------------------------------------------------
-- Server version	5.6.23-log

/*!40101 SET @OLD_CHARACTER_SET_CLIENT=@@CHARACTER_SET_CLIENT */;
/*!40101 SET @OLD_CHARACTER_SET_RESULTS=@@CHARACTER_SET_RESULTS */;
/*!40101 SET @OLD_COLLATION_CONNECTION=@@COLLATION_CONNECTION */;
/*!40101 SET NAMES utf8 */;
/*!40103 SET @OLD_TIME_ZONE=@@TIME_ZONE */;
/*!40103 SET TIME_ZONE='+00:00' */;
/*!40014 SET @OLD_UNIQUE_CHECKS=@@UNIQUE_CHECKS, UNIQUE_CHECKS=0 */;
/*!40014 SET @OLD_FOREIGN_KEY_CHECKS=@@FOREIGN_KEY_CHECKS, FOREIGN_KEY_CHECKS=0 */;
/*!40101 SET @OLD_SQL_MODE=@@SQL_MODE, SQL_MODE='NO_AUTO_VALUE_ON_ZERO' */;
/*!40111 SET @OLD_SQL_NOTES=@@SQL_NOTES, SQL_NOTES=0 */;

--
-- Table structure for table `tbl_account`
--

DROP TABLE IF EXISTS `tbl_account`;
/*!40101 SET @saved_cs_client     = @@character_set_client */;
/*!40101 SET character_set_client = utf8 */;
CREATE TABLE `tbl_account` (
  `username` varchar(45) DEFAULT NULL,
  `password` varchar(45) DEFAULT NULL,
  `id` int(11) NOT NULL AUTO_INCREMENT,
  `role` varchar(45) DEFAULT NULL,
  PRIMARY KEY (`id`)
) ENGINE=InnoDB AUTO_INCREMENT=2 DEFAULT CHARSET=latin1;
/*!40101 SET character_set_client = @saved_cs_client */;

--
-- Dumping data for table `tbl_account`
--

LOCK TABLES `tbl_account` WRITE;
/*!40000 ALTER TABLE `tbl_account` DISABLE KEYS */;
INSERT INTO `tbl_account` VALUES ('emma','1234500',1,'admin');
/*!40000 ALTER TABLE `tbl_account` ENABLE KEYS */;
UNLOCK TABLES;

--
-- Table structure for table `tbl_credit`
--

DROP TABLE IF EXISTS `tbl_credit`;
/*!40101 SET @saved_cs_client     = @@character_set_client */;
/*!40101 SET character_set_client = utf8 */;
CREATE TABLE `tbl_credit` (
  `Balance` decimal(10,0) DEFAULT NULL,
  `amount` decimal(10,0) DEFAULT NULL,
  `Customer_name` varchar(100) DEFAULT NULL,
  `classification` varchar(45) DEFAULT NULL,
  `Id_number` int(11) DEFAULT NULL,
  `date_of_sale` datetime DEFAULT NULL,
  `delivered_by` varchar(45) DEFAULT NULL,
  `Sold_item` varchar(200) DEFAULT NULL
) ENGINE=InnoDB DEFAULT CHARSET=latin1;
/*!40101 SET character_set_client = @saved_cs_client */;

--
-- Dumping data for table `tbl_credit`
--

LOCK TABLES `tbl_credit` WRITE;
/*!40000 ALTER TABLE `tbl_credit` DISABLE KEYS */;
INSERT INTO `tbl_credit` VALUES (-20,20,'chester','Dealer',1050,'2023-12-05 00:00:00','Ralph','Deliver (1) Slim Container with Fauset / '),(-120,120,'Liza','Dealer',1006,'2023-12-05 00:00:00','Ralph','Deliver (6) Round Container / '),(-120,120,'Lago','Dealer',1022,'2023-12-05 00:00:00','Ralph','Deliver (6) Slim Container with Fauset / '),(-100,100,'SMDC allen','Dealer',1089,'2023-12-05 00:00:00','maam emms','Deliver (5) Round Container / '),(-25,25,'patrick','Household',1044,'2023-12-05 00:00:00','Ralph','Deliver (1) Slim Container with Fauset / '),(-25,25,'Lito','Household',1091,'2023-12-05 00:00:00','Ralph','Deliver (1) Slim Container with Fauset / '),(-100,100,'ANDA ADMIN','Dealer',1020,'2023-12-08 00:00:00','Ralph','Deliver (5) Slim Container with Fauset / '),(-50,50,'DC','Household',1027,'2023-12-08 00:00:00','Ralph','Deliver (2) Slim Container with Fauset / '),(-20,20,'chester','Dealer',1050,'2023-12-08 00:00:00','Ralph','Deliver (1) Slim Container with Fauset / '),(-100,100,'Liza','Dealer',1006,'2023-12-09 00:00:00','Ralph','Deliver (5) Slim Container with Fauset / '),(-240,240,'Melai','Dealer',1007,'2023-12-09 00:00:00','Ralph','Deliver (12) Round Container / '),(-40,40,'Lago','Dealer',1022,'2023-12-09 00:00:00','Ralph','Deliver (2) Slim Container with Fauset / '),(-170,170,'Sir Ernie','Household',1100,'2024-01-08 00:00:00','N/A','Buy (1) Slim Container with Fauset / ');
/*!40000 ALTER TABLE `tbl_credit` ENABLE KEYS */;
UNLOCK TABLES;

--
-- Table structure for table `tbl_customer_info`
--

DROP TABLE IF EXISTS `tbl_customer_info`;
/*!40101 SET @saved_cs_client     = @@character_set_client */;
/*!40101 SET character_set_client = utf8 */;
CREATE TABLE `tbl_customer_info` (
  `ID_number` int(11) NOT NULL AUTO_INCREMENT,
  `Customer_Name` varchar(45) DEFAULT NULL,
  `Classification` varchar(45) DEFAULT NULL,
  `Address` varchar(100) DEFAULT NULL,
  `facebook` varchar(45) DEFAULT NULL,
  `date_of_last_buy` datetime DEFAULT NULL,
  `image` longtext,
  `contact` mediumtext,
  PRIMARY KEY (`ID_number`)
) ENGINE=InnoDB AUTO_INCREMENT=1101 DEFAULT CHARSET=latin1;
/*!40101 SET character_set_client = @saved_cs_client */;

--
-- Dumping data for table `tbl_customer_info`
--

LOCK TABLES `tbl_customer_info` WRITE;
/*!40000 ALTER TABLE `tbl_customer_info` DISABLE KEYS */;
INSERT INTO `tbl_customer_info` VALUES (1000,'Guest','Household',NULL,NULL,'2023-12-06 10:49:43',NULL,NULL),(1001,'Teresa','Household','Madapdap tinajero','','2023-12-03 17:10:44','',''),(1002,'Joel','Household','Tinajero','','2023-12-01 00:00:00','',''),(1003,'Apt. Ka Ling','Household','Talba','','2023-12-02 10:30:15','',''),(1004,'Ka Beth','Household','Tinajero','','2023-12-01 00:00:00','',''),(1005,'Janeth','Dealer','Talba Madapdap','','2023-12-04 17:03:55','',''),(1006,'Liza','Dealer','Tinajero Madapdap','','2023-12-09 16:50:02','',''),(1007,'Melai','Dealer','Manibaug','','2023-12-09 16:50:04','',''),(1008,'Liezel ','Dealer','Tinajero Madapdap','','2023-12-01 00:00:00','',''),(1009,'Buonu','Household','Tinajero','','2023-12-03 17:10:24','',''),(1010,'Nhey','Household','Conception','','2023-12-03 17:24:46','',''),(1011,'Signal','Reseller','Manibaug','','2023-12-01 00:00:00','',''),(1012,'Vicky','Household','Tinajero','','2023-12-01 00:00:00','',''),(1013,'Ravenna','Household','Tinajero','','2023-12-01 00:00:00','',''),(1014,'JD Garments','Household','Phase 1 Madapdap','','2023-12-01 00:00:00','',''),(1015,'TECO PLASTIC ','Household','Tinajero','','2023-12-01 00:00:00','',''),(1016,'ELECTRICAL','Dealer','Tinajero','','2023-12-03 17:40:58','',''),(1017,'TECO EMS','Dealer','Tinajero','','2023-12-03 17:41:08','',''),(1018,'SA6','Dealer','Tinajero','','2023-12-01 00:00:00','',''),(1019,'ACT','Dealer','Tinajero','','2023-12-01 00:00:00','',''),(1020,'ANDA ADMIN','Dealer','Talba','','2023-12-08 17:10:46','',''),(1021,'SMDC - security ','Household','SMDC','','2023-12-01 00:00:00','',''),(1022,'Lago','Dealer','Tinajero','','2023-12-09 16:50:06','',''),(1023,'Chubby','Household','Tinajero','','2023-12-01 00:00:00','',''),(1024,'Apu Sally','Household','Tinajero','','2023-12-02 00:00:00','',''),(1025,'SMDC Kalbo','Household','SMDC','','2023-12-02 00:00:00','',''),(1026,'Lyka','Household','Tinajero','','2023-12-02 00:00:00','',''),(1027,'DC','Household','Tinajero','','2023-12-08 17:11:29','',''),(1028,'Barcebal','Household','Talba','','2023-12-02 00:00:00','',''),(1029,'Lola VI','Household','Tinajero','','2023-12-02 00:00:00','',''),(1030,'Lexie','Household','Talba','','2023-12-02 00:00:00','',''),(1031,'14th St','Household','14th st','','2023-12-02 00:00:00','',''),(1032,'randede','Household','talba','','2023-12-02 00:00:00','',''),(1033,'apu linda','Household','tinajero','','2023-12-02 00:00:00','',''),(1034,'m. nhoy','Household','tinajero','','2023-12-02 00:00:00','',''),(1035,'seff house','Household','tinajero seff house','','2023-12-02 00:00:00','',''),(1036,'ka jolly','Household','tinajero','','2023-12-02 00:00:00','',''),(1037,'cindy','Household','talba','','2023-12-02 00:00:00','',''),(1038,'lynthia','Household','tinajero','','2023-12-02 00:00:00','',''),(1039,'maria malapit sa tindahan','Household','tinajero ','','2023-12-02 00:00:00','',''),(1040,'bilyaran','Household','tinajero','','2023-12-02 00:00:00','',''),(1041,'mongton','Household','tinajero ','','2023-12-02 00:00:00','',''),(1042,'arman','Household','tinajero','','2023-12-02 00:00:00','',''),(1043,'ka eran','Household','tinajero','','2023-12-02 00:00:00','',''),(1044,'patrick','Household','tinajero','','2023-12-05 17:02:28','',''),(1045,'manny','Household','tinajero','','2023-12-03 17:40:55','',''),(1046,'fishball ven','Household','talba','','2023-12-03 17:40:54','',''),(1047,'sabangan','Household','tinajero','','2023-12-02 00:00:00','',''),(1048,'arcie','Household','talba','','2023-12-02 00:00:00','',''),(1049,'n. dealer','Dealer','15th st ','','2023-12-02 00:00:00','',''),(1050,'chester','Dealer','tinajero','','2023-12-08 17:12:13','',''),(1051,'kalaluti','Dealer','tinajero','','2023-12-04 17:04:06','',''),(1052,'roque','Dealer','talba','','2023-12-04 17:03:46','',''),(1053,'SMDC Security','Household','SMDC','','2023-12-03 17:12:39','',''),(1054,'SMDC Engineer','Household','SMDC','','2023-12-03 17:41:11','',''),(1055,'SMDC Canteen','Household','SMDC','','2023-12-03 17:41:10','',''),(1056,'SMDC Rommel','Household','SMDC','','2023-12-02 00:00:00','',''),(1057,'SMDC Jasper','Household','SMDC','','2023-12-03 17:41:11','',''),(1058,'SMDC barracks','Household','SMDC','','2023-12-07 16:53:01','',''),(1059,'shop','Household','SMDC','','2023-12-03 17:15:25','',''),(1060,'Anda','Household','talba','','2023-12-02 00:00:00','',''),(1061,'CNC','Household','talba','','2023-12-02 00:00:00','',''),(1062,'lodu room','Household','tinajero','','2023-12-02 00:00:00','',''),(1063,'Tipco engen','Household','TIPCO','','2023-12-02 00:00:00','',''),(1064,'luto','Household','tinajero','','2023-12-02 00:00:00','',''),(1065,'sb','Household','tinajero','','2023-12-02 00:00:00','',''),(1066,'alvin','Dealer','tinajero','','2023-12-04 17:04:04','',''),(1067,'sol','Dealer','tinajero','','2023-12-04 17:04:02','',''),(1068,'janet','Dealer','tinajero','','2023-12-03 17:41:13','',''),(1069,'ellecel','Dealer','talba','','2023-12-04 17:03:59','',''),(1070,'ka Alvn','Dealer','tinajero','','2023-12-03 00:00:00','',''),(1071,'Irene','Household','talba','','2023-12-03 00:00:00','',''),(1072,'Regie','Household','talba','','2023-12-03 00:00:00','',''),(1073,'Puts','Household','talba','','2023-12-03 00:00:00','',''),(1074,'muslim','Household','tinajero','','2023-12-03 00:00:00','',''),(1075,'Rollcrew','Household','Tinajero','','2023-12-03 17:41:09','',''),(1076,'Tipco lab','Household','TIPCO','','2023-12-03 00:00:00','',''),(1077,'Rolly ','Household','tinajeros','','2023-12-04 00:00:00','',''),(1078,'Apu Nida','Household','Tinajero','','2023-12-04 00:00:00','',''),(1079,'ka yolly','Household','talba','','2023-12-04 00:00:00','',''),(1080,'cynthia','Household','Tinajeros','','2023-12-04 00:00:00','',''),(1081,'Talipapa','Household','Talipapa madapdap','','2023-12-04 00:00:00','',''),(1082,'balong ','Household','15th street','','2023-12-04 00:00:00','',''),(1083,'MPPVI-Acctg','Household','MPPVI','','2023-12-04 00:00:00','',''),(1084,'Tipco Acctg','Household','Tipco','','2023-12-04 00:00:00','',''),(1085,'M. tony','Household','tinajero','','2023-12-05 00:00:00','',''),(1086,'Rondeck','Household','Manibaug','','2023-12-05 00:00:00','',''),(1087,'Mami','Household','Manibaug','','2023-12-05 00:00:00','',''),(1088,'Tricycle','Household','Manibaug','','2023-12-05 00:00:00','',''),(1089,'SMDC allen','Dealer','SMDC','','2023-12-05 16:54:10','',''),(1090,'MMS- Shop','Household','Manibaug','','2023-12-05 00:00:00','',''),(1091,'Lito','Household','Manibaug','','2023-12-05 17:02:29','',''),(1092,'Jeff House','Household','Tinajero','','2023-12-06 00:00:00','',''),(1093,'24th st','Household','24th st','','2023-12-06 00:00:00','',''),(1094,'Barrera','Household','Conception','','2023-12-06 00:00:00','',''),(1095,'Budie','Household','Manibaug','','2023-12-06 00:00:00','',''),(1096,'28th st','Household','28th st','','2023-12-06 00:00:00','',''),(1097,'m. Alex','Household','Talba','','2023-12-06 00:00:00','',''),(1098,'Sendang ','Household','Manibaug','','2023-12-07 00:00:00','',''),(1099,'Faocci','Dealer','Madapdap','','2024-01-08 00:00:00','',''),(1100,'Sir Ernie','Household','Dau 2020','','2024-01-08 16:52:00','','091111111');
/*!40000 ALTER TABLE `tbl_customer_info` ENABLE KEYS */;
UNLOCK TABLES;

--
-- Table structure for table `tbl_customer_item`
--

DROP TABLE IF EXISTS `tbl_customer_item`;
/*!40101 SET @saved_cs_client     = @@character_set_client */;
/*!40101 SET character_set_client = utf8 */;
CREATE TABLE `tbl_customer_item` (
  `ID_number` int(11) DEFAULT NULL,
  `Customer_name` varchar(100) DEFAULT NULL,
  `Item_title` varchar(100) DEFAULT NULL,
  `wrs_gallon` int(11) DEFAULT NULL,
  `date_borrowed` datetime DEFAULT NULL
) ENGINE=InnoDB DEFAULT CHARSET=latin1;
/*!40101 SET character_set_client = @saved_cs_client */;

--
-- Dumping data for table `tbl_customer_item`
--

LOCK TABLES `tbl_customer_item` WRITE;
/*!40000 ALTER TABLE `tbl_customer_item` DISABLE KEYS */;
/*!40000 ALTER TABLE `tbl_customer_item` ENABLE KEYS */;
UNLOCK TABLES;

--
-- Table structure for table `tbl_customization`
--

DROP TABLE IF EXISTS `tbl_customization`;
/*!40101 SET @saved_cs_client     = @@character_set_client */;
/*!40101 SET character_set_client = utf8 */;
CREATE TABLE `tbl_customization` (
  `logo` longtext,
  `station_name` longtext
) ENGINE=InnoDB DEFAULT CHARSET=latin1;
/*!40101 SET character_set_client = @saved_cs_client */;

--
-- Dumping data for table `tbl_customization`
--

LOCK TABLES `tbl_customization` WRITE;
/*!40000 ALTER TABLE `tbl_customization` DISABLE KEYS */;
/*!40000 ALTER TABLE `tbl_customization` ENABLE KEYS */;
UNLOCK TABLES;

--
-- Table structure for table `tbl_delivery`
--

DROP TABLE IF EXISTS `tbl_delivery`;
/*!40101 SET @saved_cs_client     = @@character_set_client */;
/*!40101 SET character_set_client = utf8 */;
CREATE TABLE `tbl_delivery` (
  `balance` decimal(10,0) DEFAULT NULL,
  `amount` decimal(10,0) DEFAULT NULL,
  `Customer_name` varchar(45) DEFAULT NULL,
  `classification` varchar(45) DEFAULT NULL,
  `Id_number` int(11) DEFAULT NULL,
  `date_of_sale` datetime DEFAULT NULL,
  `delivered_by` varchar(45) DEFAULT NULL,
  `Sold_item` longtext,
  `TN` int(11) NOT NULL AUTO_INCREMENT,
  PRIMARY KEY (`TN`)
) ENGINE=InnoDB AUTO_INCREMENT=198 DEFAULT CHARSET=latin1;
/*!40101 SET character_set_client = @saved_cs_client */;

--
-- Dumping data for table `tbl_delivery`
--

LOCK TABLES `tbl_delivery` WRITE;
/*!40000 ALTER TABLE `tbl_delivery` DISABLE KEYS */;
INSERT INTO `tbl_delivery` VALUES (0,0,'DC','Household',1027,'2023-12-11 00:00:00','Ralph','Deliver (2) Slim Container with Fauset / ',184),(0,0,'ka yolly','Household',1079,'2023-12-11 00:00:00','Ralph','Deliver (3) Slim Container with Fauset / ',185),(-200,200,'Jeff House','Household',1092,'2023-12-11 00:00:00','Ralph','Deliver (8) Slim Container with Fauset / ',186),(-50,50,'cynthia','Household',1080,'2023-12-11 00:00:00','Ralph','Deliver (2) Slim Container with Fauset / ',187),(-25,25,'maria malapit sa tindahan','Household',1039,'2023-12-11 00:00:00','Ralph','Deliver (1) Slim Container with Fauset / ',188),(-75,75,'Budie','Household',1095,'2023-12-11 00:00:00','Ralph','Deliver (3) Slim Container with Fauset / ',189),(-250,250,'SMDC barracks','Household',1058,'2023-12-11 00:00:00','Ralph','Deliver (10) Round Container / ',190),(-100,100,'SMDC Canteen','Household',1055,'2023-12-11 00:00:00','Ralph','Deliver (4) Slim Container with Fauset / ',191),(-125,125,'SMDC Jasper','Household',1057,'2023-12-11 00:00:00','Ralph','Deliver (5) Round Container / ',192),(-100,100,'SMDC allen','Dealer',1089,'2023-12-11 00:00:00','Ralph','Deliver (5) Round Container / ',193),(-100,100,'SMDC Engineer','Household',1054,'2023-12-11 00:00:00','Ralph','Deliver (4) Round Container / ',194),(-60,60,'Faocci','Dealer',1099,'2024-01-08 00:00:00','maam emms','Deliver (3) Slim Container with Fauset / ',195);
/*!40000 ALTER TABLE `tbl_delivery` ENABLE KEYS */;
UNLOCK TABLES;

--
-- Table structure for table `tbl_deliveryman`
--

DROP TABLE IF EXISTS `tbl_deliveryman`;
/*!40101 SET @saved_cs_client     = @@character_set_client */;
/*!40101 SET character_set_client = utf8 */;
CREATE TABLE `tbl_deliveryman` (
  `Deliveryman_name` varchar(100) DEFAULT NULL,
  `Contact_number` varchar(45) DEFAULT NULL,
  `Address` longtext
) ENGINE=InnoDB DEFAULT CHARSET=latin1;
/*!40101 SET character_set_client = @saved_cs_client */;

--
-- Dumping data for table `tbl_deliveryman`
--

LOCK TABLES `tbl_deliveryman` WRITE;
/*!40000 ALTER TABLE `tbl_deliveryman` DISABLE KEYS */;
INSERT INTO `tbl_deliveryman` VALUES ('N/A','N/A','N/A'),('Ralph','',''),('maam emms','','');
/*!40000 ALTER TABLE `tbl_deliveryman` ENABLE KEYS */;
UNLOCK TABLES;

--
-- Table structure for table `tbl_expenses`
--

DROP TABLE IF EXISTS `tbl_expenses`;
/*!40101 SET @saved_cs_client     = @@character_set_client */;
/*!40101 SET character_set_client = utf8 */;
CREATE TABLE `tbl_expenses` (
  `Item_title` varchar(50) DEFAULT NULL,
  `Item_cost` decimal(10,0) DEFAULT NULL,
  `date_of_expenses` datetime DEFAULT NULL,
  `TN` int(11) NOT NULL AUTO_INCREMENT,
  PRIMARY KEY (`TN`)
) ENGINE=InnoDB AUTO_INCREMENT=11 DEFAULT CHARSET=latin1;
/*!40101 SET character_set_client = @saved_cs_client */;

--
-- Dumping data for table `tbl_expenses`
--

LOCK TABLES `tbl_expenses` WRITE;
/*!40000 ALTER TABLE `tbl_expenses` DISABLE KEYS */;
INSERT INTO `tbl_expenses` VALUES ('Slim Container with Fauset',26000,'2023-12-01 00:00:00',1),('Round Container',26000,'2023-12-01 00:00:00',2),('Per Liter',0,'2023-12-01 00:00:00',3),('Faucet Seal',210,'2023-12-01 00:00:00',4),('Big Cap Seal',120,'2023-12-01 00:00:00',5),('Small Cap Seal',480,'2023-12-01 00:00:00',6),('Filters',2170,'2023-12-01 00:00:00',7),('Electricity',5000,'2023-12-01 00:00:00',8),('Water Test | Six(6) Month',3000,'2023-12-01 00:00:00',9),('Salaries',1800,'2023-12-01 00:00:00',10);
/*!40000 ALTER TABLE `tbl_expenses` ENABLE KEYS */;
UNLOCK TABLES;

--
-- Table structure for table `tbl_history`
--

DROP TABLE IF EXISTS `tbl_history`;
/*!40101 SET @saved_cs_client     = @@character_set_client */;
/*!40101 SET character_set_client = utf8 */;
CREATE TABLE `tbl_history` (
  `customer_name` varchar(100) DEFAULT NULL,
  `id_number` varchar(45) DEFAULT NULL,
  `classification` varchar(45) DEFAULT NULL,
  `transaction_date` datetime DEFAULT NULL,
  `transaction_details` longtext
) ENGINE=InnoDB DEFAULT CHARSET=latin1;
/*!40101 SET character_set_client = @saved_cs_client */;

--
-- Dumping data for table `tbl_history`
--

LOCK TABLES `tbl_history` WRITE;
/*!40000 ALTER TABLE `tbl_history` DISABLE KEYS */;
INSERT INTO `tbl_history` VALUES ('Administrator','9999','N/A','2023-12-01 10:40:38','Edited   Slim Container with Fauset'),('Administrator','9999','N/A','2023-12-01 10:41:45','Added  Round Container to Itemlist'),('Administrator','9999','N/A','2023-12-01 10:42:51','Added  Per Liter to Itemlist'),('Administrator','9999','N/A','2023-12-01 10:43:18','Added (200) Stocks of Slim Container with Fauset to Itemlist'),('Administrator','9999','N/A','2023-12-01 10:43:40','Added (200) Stocks of Round Container to Itemlist'),('Administrator','9999','N/A','2023-12-01 10:44:03','Added (10000) Stocks of Per Liter to Itemlist'),('Administrator','9999','N/A','2023-12-01 10:45:58','Added  Faucet Seal to Itemlist'),('Administrator','9999','N/A','2023-12-01 10:46:30','Expensed amount of  210 for Faucet Seal'),('Administrator','9999','N/A','2023-12-01 10:47:23','Edited   Faucet Seal'),('Administrator','9999','N/A','2023-12-01 10:48:06','Added  Big Cap Seal to Itemlist'),('Administrator','9999','N/A','2023-12-01 10:48:22','Edited   Faucet Seal'),('Administrator','9999','N/A','2023-12-01 10:48:37','Expensed amount of  120 for Big Cap Seal'),('Administrator','9999','N/A','2023-12-01 10:49:14','Added  Small Cap Seal to Itemlist'),('Administrator','9999','N/A','2023-12-01 10:49:31','Expensed amount of  480 for Small Cap Seal'),('Administrator','9999','N/A','2023-12-01 10:50:10','Added  Filters to Itemlist'),('Administrator','9999','N/A','2023-12-01 10:50:25','Edited   Filters'),('Administrator','9999','N/A','2023-12-01 10:50:37','Expensed amount of  2170 for Filters'),('Administrator','9999','N/A','2023-12-01 10:51:54','Added  Electricity to Itemlist'),('Administrator','9999','N/A','2023-12-01 10:52:15','Expensed amount of  5000 for Electricity'),('Administrator','9999','N/A','2023-12-01 10:53:50','Added  Water Test | Per Month to Itemlist'),('Administrator','9999','N/A','2023-12-01 10:54:49','Added  Water Test | Six(6) Month to Itemlist'),('Administrator','9999','N/A','2023-12-01 10:55:22','Edited   Water Test | Six(6) Month'),('Administrator','9999','N/A','2023-12-01 10:55:40','Edited   Water Test | Six(6) Month'),('Administrator','9999','N/A','2023-12-01 10:56:01','Expensed amount of  3000 for Water Test | Six(6) Month'),('Administrator','9999','N/A','2023-12-01 10:56:55','Added  Salaries to Itemlist'),('Administrator','9999','N/A','2023-12-01 10:57:21','Expensed amount of  1800 for Salaries'),('Teresa','1001','Household','2023-12-01 11:06:50',' Added New Customer '),('Joel','1002','Household','2023-12-01 11:09:55',' Added New Customer '),('Apt. Ka Ling','1003','Household','2023-12-01 11:10:39',' Added New Customer '),('Ka Beth','1004','Household','2023-12-01 11:11:22',' Added New Customer '),('Janeth','1005','Household','2023-12-01 11:11:58',' Added New Customer '),('Liza','1006','Household','2023-12-01 11:12:49',' Added New Customer '),('Melai','1007','Household','2023-12-01 11:13:33',' Added New Customer '),('Liezel ','1008','Household','2023-12-01 11:14:15',' Added New Customer '),('Buonu','1009','Household','2023-12-01 11:15:10',' Added New Customer '),('Nhey','1010','Reseller','2023-12-01 11:15:57',' Added New Customer '),('Signal','1011','Reseller','2023-12-01 11:16:57',' Added New Customer '),('Vicky','1012','Household','2023-12-01 11:17:33',' Added New Customer '),('Ravenna','1013','Household','2023-12-01 11:17:56',' Added New Customer '),('JD Garments','1014','Dealer','2023-12-01 11:21:38',' Added New Customer '),('TECO PLASTIC ','1015','Household','2023-12-01 11:22:18',' Added New Customer '),('ELECTRICAL','1016','Dealer','2023-12-01 11:23:13',' Added New Customer '),('TECO EMS','1017','Dealer','2023-12-01 11:24:03',' Added New Customer '),('SA6','1018','Household','2023-12-01 11:24:29',' Added New Customer '),('ACT','1019','Dealer','2023-12-01 11:24:58',' Added New Customer '),('ANDA ADMIN','1020','Dealer','2023-12-01 11:27:32',' Added New Customer '),('SMDC - security ','1021','Household','2023-12-01 11:28:23',' Added New Customer '),('Administrator','9999','N/A','2023-12-01 11:31:16','Added New Deliveryman - Ralph'),('Administrator','9999','N/A','2023-12-01 11:31:39','Added New Deliveryman - maam emms'),('Guest','1000','Household','2023-12-01 11:35:17','Pick-up (1) Slim Container with Fauset / /Pay 25'),('Lago','1022','Household','2023-12-01 11:43:05',' Added New Customer '),('Chubby','1023','Household','2023-12-01 11:45:26',' Added New Customer '),('SA6','1018','Dealer','2023-12-01 11:48:49',' Edited Customer Information '),('Apt. Ka Ling','1003','Household','2023-12-01 15:41:01','Pay Credit - 25 /  Amount Tendered - 25 / Balance - 0 Deliver (1) Slim Container with Fauset / '),('Joel','1002','Household','2023-12-01 15:41:14','Pay Credit - 25 /  Amount Tendered - 25 / Balance - 0 Deliver (1) Slim Container with Fauset / '),('Teresa','1001','Household','2023-12-01 15:41:23','Pay Credit - 25 /  Amount Tendered - 25 / Balance - 0 Deliver (1) Slim Container with Fauset / '),('Nhey','1010','Reseller','2023-12-01 15:41:32','Pay Credit - 40 /  Amount Tendered - 40 / Balance - 0 Deliver (2) Slim Container with Fauset / '),('Signal','1011','Reseller','2023-12-01 15:41:41','Pay Credit - 40 /  Amount Tendered - 40 / Balance - 0 Deliver (2) Slim Container with Fauset / '),('Vicky','1012','Household','2023-12-01 15:41:47','Pay Credit - 25 /  Amount Tendered - 25 / Balance - 0 Deliver (1) Slim Container with Fauset / '),('Ravenna','1013','Household','2023-12-01 15:41:53','Pay Credit - 100 /  Amount Tendered - 100 / Balance - 0 Deliver (4) Slim Container with Fauset / '),('Ka Beth','1004','Household','2023-12-01 15:42:39','Pay Credit - 50 /  Amount Tendered - 50 / Balance - 0 Deliver (2) Slim Container with Fauset / '),('Janeth','1005','Household','2023-12-01 15:43:02','Pay Credit - 225 /  Amount Tendered - 225 / Balance - 0 Deliver (9) Slim Container with Fauset / '),('Liza','1006','Household','2023-12-01 15:43:12','Pay Credit - 175 /  Amount Tendered - 175 / Balance - 0 Deliver (7) Slim Container with Fauset / '),('Melai','1007','Household','2023-12-01 15:43:21','Pay Credit - 325 /  Amount Tendered - 325 / Balance - 0 Deliver (13) Slim Container with Fauset / '),('Lago','1022','Household','2023-12-01 15:43:28','Pay Credit - 175 /  Amount Tendered - 175 / Balance - 0 Deliver (7) Slim Container with Fauset / '),('Liezel ','1008','Household','2023-12-01 15:43:39','Pay Credit - 100 /  Amount Tendered - 100 / Balance - 0 Deliver (4) Slim Container with Fauset / '),('Chubby','1023','Household','2023-12-01 15:43:45','Pay Credit - 25 /  Amount Tendered - 25 / Balance - 0 Deliver (1) Slim Container with Fauset / '),('JD Garments','1014','Dealer','2023-12-01 15:43:51','Pay Credit - 60 /  Amount Tendered - 60 / Balance - 0 Deliver (3) Slim Container with Fauset / '),('TECO PLASTIC ','1015','Household','2023-12-01 15:43:57','Pay Credit - 250 /  Amount Tendered - 250 / Balance - 0 Deliver (10) Slim Container with Fauset / '),('SA6','1018','Dealer','2023-12-01 15:44:02','Pay Credit - 40 /  Amount Tendered - 40 / Balance - 0 Deliver (2) Slim Container with Fauset / '),('ACT','1019','Dealer','2023-12-01 15:44:06','Pay Credit - 20 /  Amount Tendered - 20 / Balance - 0 Deliver (1) Slim Container with Fauset / '),('ANDA ADMIN','1020','Dealer','2023-12-01 15:44:12','Pay Credit - 100 /  Amount Tendered - 100 / Balance - 0 Deliver (5) Slim Container with Fauset / '),('Guest','1000','Household','2023-12-02 10:29:28','Deliver (1) Slim Container with Fauset / /Pay 25'),('Apt. Ka Ling','1003','Household','2023-12-02 10:30:15','Deliver (1) Slim Container with Fauset / /Pay 25'),('Apu Sally','1024','Household','2023-12-02 10:34:36',' Added New Customer '),('SMDC Kalbo','1025','Household','2023-12-02 10:34:58',' Added New Customer '),('Lyka','1026','Household','2023-12-02 10:35:31',' Added New Customer '),('DC','1027','Household','2023-12-02 10:35:58',' Added New Customer '),('Barcebal','1028','Household','2023-12-02 10:36:44',' Added New Customer '),('Lola VI','1029','Household','2023-12-02 10:38:09',' Added New Customer '),('Lexie','1030','Household','2023-12-02 10:42:09',' Added New Customer '),('14th St','1031','Household','2023-12-02 10:43:12',' Added New Customer '),('randede','1032','Household','2023-12-02 10:43:53',' Added New Customer '),('apu linda','1033','Household','2023-12-02 10:44:14',' Added New Customer '),('m. nhoy','1034','Household','2023-12-02 10:44:38',' Added New Customer '),('seff house','1035','Household','2023-12-02 10:45:03',' Added New Customer '),('ka jolly','1036','Household','2023-12-02 10:45:31',' Added New Customer '),('cindy','1037','Household','2023-12-02 10:45:48',' Added New Customer '),('lynthia','1038','Household','2023-12-02 10:46:19',' Added New Customer '),('maria malapit sa tindahan','1039','Household','2023-12-02 10:47:03',' Added New Customer '),('bilyaran','1040','Household','2023-12-02 10:47:23',' Added New Customer '),('mongton','1041','Household','2023-12-02 10:52:17',' Added New Customer '),('arman','1042','Household','2023-12-02 10:52:44',' Added New Customer '),('ka eran','1043','Household','2023-12-02 10:53:27',' Added New Customer '),('patrick','1044','Household','2023-12-02 10:53:56',' Added New Customer '),('manny','1045','Household','2023-12-02 10:54:25',' Added New Customer '),('fishball ven','1046','Household','2023-12-02 10:55:00',' Added New Customer '),('sabangan','1047','Household','2023-12-02 10:55:22',' Added New Customer '),('arcie','1048','Household','2023-12-02 10:56:23',' Added New Customer '),('n. dealer','1049','Dealer','2023-12-02 10:57:17',' Added New Customer '),('chester','1050','Household','2023-12-02 10:57:59',' Added New Customer '),('kalaluti','1051','Household','2023-12-02 10:59:06',' Added New Customer '),('roque','1052','Household','2023-12-02 10:59:33',' Added New Customer '),('SMDC Security','1053','Household','2023-12-02 11:03:01',' Added New Customer '),('SMDC Engineer','1054','Household','2023-12-02 11:03:22',' Added New Customer '),('SMDC Canteen','1055','Household','2023-12-02 11:03:50',' Added New Customer '),('SMDC Rommel','1056','Household','2023-12-02 11:04:13',' Added New Customer '),('SMDC Jasper','1057','Household','2023-12-02 11:04:43',' Added New Customer '),('SMDC barracks','1058','Household','2023-12-02 11:05:09',' Added New Customer '),('shop','1059','Household','2023-12-02 11:05:36',' Added New Customer '),('Anda','1060','Household','2023-12-02 11:05:54',' Added New Customer '),('CNC','1061','Household','2023-12-02 11:06:10',' Added New Customer '),('lodu room','1062','Household','2023-12-02 11:06:57',' Added New Customer '),('Tipco engen','1063','Household','2023-12-02 11:07:35',' Added New Customer '),('luto','1064','Household','2023-12-02 11:08:03',' Added New Customer '),('sb','1065','Household','2023-12-02 11:08:34',' Added New Customer '),('Melai','1007','Dealer','2023-12-03 10:48:59',' Edited Customer Information '),('chester','1050','Dealer','2023-12-03 10:49:27',' Edited Customer Information '),('Liza','1006','Dealer','2023-12-03 10:50:12',' Edited Customer Information '),('Janeth','1005','Dealer','2023-12-03 10:51:03',' Edited Customer Information '),('Lago','1022','Dealer','2023-12-03 10:51:59',' Edited Customer Information '),('Liezel ','1008','Dealer','2023-12-03 10:52:30',' Edited Customer Information '),('kalaluti','1051','Dealer','2023-12-03 10:53:03',' Edited Customer Information '),('roque','1052','Dealer','2023-12-03 10:53:22',' Edited Customer Information '),('alvin','1066','Dealer','2023-12-03 10:54:29',' Added New Customer '),('sol','1067','Dealer','2023-12-03 10:54:46',' Added New Customer '),('janet','1068','Dealer','2023-12-03 10:55:31',' Added New Customer '),('ellecel','1069','Dealer','2023-12-03 10:56:05',' Added New Customer '),('ka Alvn','1070','Dealer','2023-12-03 10:57:05',' Added New Customer '),('Irene','1071','Household','2023-12-03 11:15:14',' Added New Customer '),('Regie','1072','Dealer','2023-12-03 11:18:39',' Added New Customer '),('Irene','1071','Household','2023-12-03 11:20:35',' Edited Customer Information '),('Regie','1072','Household','2023-12-03 11:20:53',' Edited Customer Information '),('Puts','1073','Household','2023-12-03 11:21:29',' Added New Customer '),('muslim','1074','Household','2023-12-03 11:21:46',' Added New Customer '),('Nhey','1010','Household','2023-12-03 11:22:25',' Edited Customer Information '),('JD Garments','1014','Household','2023-12-03 11:28:36',' Edited Customer Information '),('chester','1050','Dealer','2023-12-03 16:46:48','Pay Credit - 20 /  Amount Tendered - 20 / Balance - 0 Deliver (1) Slim Container with Fauset / '),('sol','1067','Dealer','2023-12-03 16:47:20','Pay Credit - 120 /  Amount Tendered - 120 / Balance - 0 Deliver (6) Round Container / '),('alvin','1066','Dealer','2023-12-03 16:47:34','Pay Credit - 120 /  Amount Tendered - 120 / Balance - 0 Deliver (6) Round Container / '),('kalaluti','1051','Dealer','2023-12-03 16:47:52','Pay Credit - 100 /  Amount Tendered - 100 / Balance - 0 Deliver (5) Round Container / '),('Chubby','1023','Household','2023-12-03 17:10:15','Pay Credit - 25 /  Amount Tendered - 25 / Balance - 0 Deliver (1) Slim Container with Fauset / '),('Joel','1002','Household','2023-12-03 17:10:40','Pay Credit - 25 /  Amount Tendered - 25 / Balance - 0 Deliver (1) Slim Container with Fauset / '),('Teresa','1001','Household','2023-12-03 17:10:44','Deliver (1) Slim Container with Fauset / /Pay 25'),('Nhey','1010','Reseller','2023-12-03 17:10:49','Pay Credit - 40 /  Amount Tendered - 40 / Balance - 0 Deliver (2) Slim Container with Fauset / '),('Signal','1011','Reseller','2023-12-03 17:10:57','Pay Credit - 40 /  Amount Tendered - 40 / Balance - 0 Deliver (2) Slim Container with Fauset / '),('Vicky','1012','Household','2023-12-03 17:12:32','Pay Credit - 25 /  Amount Tendered - 25 / Balance - 0 Deliver (1) Slim Container with Fauset / '),('SMDC Engineer','1054','Household','2023-12-03 17:13:05','Pay Credit - 100 /  Amount Tendered - 100 / Balance - 0 Deliver (4) Slim Container with Fauset / '),('SMDC Canteen','1055','Household','2023-12-03 17:13:18','Pay Credit - 150 /  Amount Tendered - 150 / Balance - 0 Deliver (6) Slim Container with Fauset / '),('SMDC Rommel','1056','Household','2023-12-03 17:13:42','Pay Credit - 125 /  Amount Tendered - 125 / Balance - 0 Deliver (5) Slim Container with Fauset / '),('SMDC Jasper','1057','Household','2023-12-03 17:15:08','Pay Credit - 125 /  Amount Tendered - 125 / Balance - 0 Deliver (5) Round Container / '),('SMDC barracks','1058','Household','2023-12-03 17:15:15','Pay Credit - 250 /  Amount Tendered - 250 / Balance - 0 Deliver (10) Round Container / '),('Apu Sally','1024','Household','2023-12-03 17:15:33','Pay Credit - 100 /  Amount Tendered - 100 / Balance - 0 Deliver (4) Slim Container with Fauset / '),('SMDC Kalbo','1025','Household','2023-12-03 17:15:44','Pay Credit - 50 /  Amount Tendered - 50 / Balance - 0 Deliver (2) Slim Container with Fauset / '),('Lyka','1026','Household','2023-12-03 17:16:02','Pay Credit - 75 /  Amount Tendered - 75 / Balance - 0 Deliver (3) Slim Container with Fauset / '),('DC','1027','Household','2023-12-03 17:16:08','Pay Credit - 125 /  Amount Tendered - 125 / Balance - 0 Deliver (5) Slim Container with Fauset / '),('Barcebal','1028','Household','2023-12-03 17:16:15','Pay Credit - 25 /  Amount Tendered - 25 / Balance - 0 Deliver (1) Slim Container with Fauset / '),('fishball ven','1046','Household','2023-12-03 17:16:20','Pay Credit - 50 /  Amount Tendered - 50 / Balance - 0 Deliver (2) Slim Container with Fauset / '),('Irene','1071','Household','2023-12-03 17:16:26','Pay Credit - 50 /  Amount Tendered - 50 / Balance - 0 Deliver (2) Slim Container with Fauset / '),('Regie','1072','Household','2023-12-03 17:16:33','Pay Credit - 75 /  Amount Tendered - 75 / Balance - 0 Deliver (3) Slim Container with Fauset / '),('Puts','1073','Household','2023-12-03 17:16:38','Pay Credit - 25 /  Amount Tendered - 25 / Balance - 0 Deliver (1) Slim Container with Fauset / '),('muslim','1074','Household','2023-12-03 17:16:44','Pay Credit - 25 /  Amount Tendered - 25 / Balance - 0 Deliver (1) Slim Container with Fauset / '),('Nhey','1010','Household','2023-12-03 17:24:46','Deliver (1) Slim Container with Fauset / /Pay 25'),('Rollcrew','1075','Household','2023-12-03 17:27:18',' Added New Customer '),('Tipco lab','1076','Household','2023-12-03 17:28:57',' Added New Customer '),('Guest','1000','Household','2023-12-03 17:37:18','Pick-up (1) Slim Container with Fauset / /Pay 25'),('ELECTRICAL','1016','Dealer','2023-12-03 17:40:58','Deliver (1) Slim Container with Fauset / /Pay 20'),('Rollcrew','1075','Household','2023-12-03 17:41:09','Deliver (10) Round Container / /Pay 250'),('SMDC Canteen','1055','Household','2023-12-03 17:41:10','Deliver (5) Round Container / /Pay 125'),('Buonu','1009','Household','2023-12-04 11:39:41','Pay Credit - 25 /  Amount Tendered - 25 / Balance - 0 Deliver (1) Slim Container with Fauset / '),('SMDC Security','1053','Household','2023-12-04 11:39:53','Pay Credit - 50 /  Amount Tendered - 50 / Balance - 0 Deliver (2) Slim Container with Fauset / '),('shop','1059','Household','2023-12-04 11:39:58','Pay Credit - 250 /  Amount Tendered - 250 / Balance - 0 Deliver (10) Round Container / '),('patrick','1044','Household','2023-12-04 11:40:04','Pay Credit - 25 /  Amount Tendered - 25 / Balance - 0 Deliver (1) Slim Container with Fauset / '),('fishball ven','1046','Household','2023-12-04 11:40:07','Pay Credit - 25 /  Amount Tendered - 25 / Balance - 0 Deliver (1) Slim Container with Fauset / '),('manny','1045','Household','2023-12-04 11:40:11','Pay Credit - 75 /  Amount Tendered - 75 / Balance - 0 Deliver (3) Slim Container with Fauset / '),('TECO EMS','1017','Dealer','2023-12-04 11:40:14','Pay Credit - 200 /  Amount Tendered - 200 / Balance - 0 Deliver (10) Round Container / '),('SMDC Jasper','1057','Household','2023-12-04 11:40:19','Pay Credit - 125 /  Amount Tendered - 125 / Balance - 0 Deliver (5) Round Container / '),('SMDC Engineer','1054','Household','2023-12-04 11:40:23','Pay Credit - 100 /  Amount Tendered - 100 / Balance - 0 Deliver (4) Round Container / '),('janet','1068','Dealer','2023-12-04 11:40:26','Pay Credit - 200 /  Amount Tendered - 200 / Balance - 0 Deliver (10) Round Container / '),('Melai','1007','Dealer','2023-12-04 11:40:30','Pay Credit - 120 /  Amount Tendered - 120 / Balance - 0 Deliver (6) Slim Container with Fauset / '),('Rolly ','1077','Household','2023-12-04 11:46:04',' Added New Customer '),('Apu Nida','1078','Household','2023-12-04 11:47:09',' Added New Customer '),('ka yolly','1079','Household','2023-12-04 11:48:07',' Added New Customer '),('cynthia','1080','Household','2023-12-04 11:49:57',' Added New Customer '),('Talipapa','1081','Household','2023-12-04 11:50:26',' Added New Customer '),('balong ','1082','Household','2023-12-04 11:51:35',' Added New Customer '),('MPPVI-Acctg','1083','Household','2023-12-04 11:52:52',' Added New Customer '),('Tipco Acctg','1084','Household','2023-12-04 11:53:34',' Added New Customer '),('Ravenna','1013','Household','2023-12-04 16:52:08','Pay Credit - 125 /  Amount Tendered - 125 / Balance - 0 Deliver (5) Slim Container with Fauset / '),('Apt. Ka Ling','1003','Household','2023-12-04 16:52:28','Pay Credit - 25 /  Amount Tendered - 25 / Balance - 0 Deliver (1) Slim Container with Fauset / '),('balong ','1082','Household','2023-12-04 16:52:37','Pay Credit - 25 /  Amount Tendered - 25 / Balance - 0 Deliver (1) Round Container / '),('Talipapa','1081','Household','2023-12-04 16:52:47','Pay Credit - 25 /  Amount Tendered - 25 / Balance - 0 Deliver (1) Slim Container with Fauset / '),('cynthia','1080','Household','2023-12-04 16:52:57','Pay Credit - 50 /  Amount Tendered - 50 / Balance - 0 Deliver (2) Slim Container with Fauset / '),('cindy','1037','Household','2023-12-04 16:53:12','Pay Credit - 50 /  Amount Tendered - 50 / Balance - 0 Deliver (2) Slim Container with Fauset / '),('Ka Beth','1004','Household','2023-12-04 16:53:23','Pay Credit - 25 /  Amount Tendered - 25 / Balance - 0 Deliver (1) Slim Container with Fauset / '),('Apu Nida','1078','Household','2023-12-04 16:53:28','Pay Credit - 25 /  Amount Tendered - 25 / Balance - 0 Deliver (1) Slim Container with Fauset / '),('Nhey','1010','Household','2023-12-04 16:53:33','Pay Credit - 50 /  Amount Tendered - 50 / Balance - 0 Deliver (2) Slim Container with Fauset / '),('patrick','1044','Household','2023-12-04 16:53:38','Pay Credit - 25 /  Amount Tendered - 25 / Balance - 0 Deliver (1) Slim Container with Fauset / '),('Vicky','1012','Household','2023-12-04 16:53:43','Pay Credit - 25 /  Amount Tendered - 25 / Balance - 0 Deliver (1) Slim Container with Fauset / '),('Joel','1002','Household','2023-12-04 16:53:47','Pay Credit - 25 /  Amount Tendered - 25 / Balance - 0 Deliver (1) Slim Container with Fauset / '),('Rolly ','1077','Household','2023-12-04 16:53:51','Pay Credit - 25 /  Amount Tendered - 25 / Balance - 0 Deliver (1) Slim Container with Fauset / '),('M. tony','1085','Household','2023-12-05 10:52:53',' Added New Customer '),('Rondeck','1086','Household','2023-12-05 10:53:32',' Added New Customer '),('Mami','1087','Household','2023-12-05 10:55:22',' Added New Customer '),('Tricycle','1088','Household','2023-12-05 10:57:05',' Added New Customer '),('SMDC allen','1089','Dealer','2023-12-05 11:58:25',' Added New Customer '),('MMS- Shop','1090','Household','2023-12-05 12:02:53',' Added New Customer '),('kalaluti','1051','Dealer','2023-12-05 16:52:41','Pay Credit - 40 /  Amount Tendered - 40 / Balance - 0 Deliver (2) Round Container / '),('roque','1052','Dealer','2023-12-05 16:52:49','Pay Credit - 40 /  Amount Tendered - 40 / Balance - 0 Deliver (2) Slim Container with Fauset / '),('Janeth','1005','Dealer','2023-12-05 16:52:56','Pay Credit - 240 /  Amount Tendered - 240 / Balance - 0 Deliver (12) Round Container / '),('ellecel','1069','Dealer','2023-12-05 16:53:01','Pay Credit - 80 /  Amount Tendered - 80 / Balance - 0 Deliver (4) Slim Container with Fauset / '),('sol','1067','Dealer','2023-12-05 16:53:06','Pay Credit - 120 /  Amount Tendered - 120 / Balance - 0 Deliver (6) Slim Container with Fauset / '),('alvin','1066','Dealer','2023-12-05 16:53:09','Pay Credit - 60 /  Amount Tendered - 60 / Balance - 0 Deliver (3) Slim Container with Fauset / '),('fishball ven','1046','Household','2023-12-05 16:53:47','Pay Credit - 25 /  Amount Tendered - 25 / Balance - 0 Deliver (1) Slim Container with Fauset / '),('SMDC Jasper','1057','Household','2023-12-05 16:54:20','Pay Credit - 125 /  Amount Tendered - 125 / Balance - 0 Deliver (5) Round Container / '),('MMS- Shop','1090','Household','2023-12-05 16:54:26','Pay Credit - 250 /  Amount Tendered - 250 / Balance - 0 Deliver (10) Round Container / '),('Rollcrew','1075','Household','2023-12-05 16:54:40','Pay Credit - 125 /  Amount Tendered - 125 / Balance - 0 Deliver (5) Round Container / '),('SA6','1018','Dealer','2023-12-05 16:54:47','Pay Credit - 40 /  Amount Tendered - 40 / Balance - 0 Deliver (2) Round Container / '),('Lito','1091','Household','2023-12-05 16:56:23',' Added New Customer '),('Jeff House','1092','Household','2023-12-06 10:42:22',' Added New Customer '),('24th st','1093','Household','2023-12-06 10:43:49',' Added New Customer '),('Barrera','1094','Household','2023-12-06 10:45:55',' Added New Customer '),('Budie','1095','Household','2023-12-06 10:47:42',' Added New Customer '),('28th st','1096','Household','2023-12-06 10:48:51',' Added New Customer '),('Guest','1000','Household','2023-12-06 10:49:43','Pick-up (2) Slim Container with Fauset / /Pay 50'),('ka yolly','1079','Household','2023-12-06 17:04:54','Pay Credit - 50 /  Amount Tendered - 50 / Balance - 0 Deliver (2) Slim Container with Fauset / '),('Jeff House','1092','Household','2023-12-06 17:08:08','Pay Credit - 25 /  Amount Tendered - 25 / Balance - 0 Deliver (1) Slim Container with Fauset / '),('24th st','1093','Household','2023-12-06 17:08:22','Pay Credit - 50 /  Amount Tendered - 50 / Balance - 0 Deliver (2) Slim Container with Fauset / '),('Irene','1071','Household','2023-12-06 17:08:27','Pay Credit - 25 /  Amount Tendered - 25 / Balance - 0 Deliver (1) Slim Container with Fauset / '),('Barrera','1094','Household','2023-12-06 17:08:33','Pay Credit - 75 /  Amount Tendered - 75 / Balance - 0 Deliver (3) Slim Container with Fauset / '),('fishball ven','1046','Household','2023-12-06 17:08:40','Pay Credit - 25 /  Amount Tendered - 25 / Balance - 0 Deliver (1) Slim Container with Fauset / '),('Budie','1095','Household','2023-12-06 17:08:45','Pay Credit - 100 /  Amount Tendered - 100 / Balance - 0 Deliver (4) Slim Container with Fauset / '),('28th st','1096','Household','2023-12-06 17:08:53','Pay Credit - 50 /  Amount Tendered - 50 / Balance - 0 Deliver (2) Slim Container with Fauset / '),('Nhey','1010','Household','2023-12-06 17:08:58','Pay Credit - 50 /  Amount Tendered - 50 / Balance - 0 Deliver (2) Slim Container with Fauset / '),('JD Garments','1014','Household','2023-12-06 17:09:03','Pay Credit - 125 /  Amount Tendered - 125 / Balance - 0 Deliver (5) Round Container / '),('SMDC Engineer','1054','Household','2023-12-06 17:09:08','Pay Credit - 125 /  Amount Tendered - 125 / Balance - 0 Deliver (5) Round Container / '),('SMDC barracks','1058','Household','2023-12-06 17:09:16','Pay Credit - 250 /  Amount Tendered - 250 / Balance - 0 Deliver (10) Round Container / '),('m. Alex','1097','Household','2023-12-06 17:18:23',' Added New Customer '),('Sendang ','1098','Household','2023-12-07 10:31:26',' Added New Customer '),('m. Alex','1097','Household','2023-12-07 16:49:32','Pay Credit - 50 /  Amount Tendered - 50 / Balance - 0 Deliver (2) Slim Container with Fauset / '),('fishball ven','1046','Household','2023-12-07 16:51:33','Pay Credit - 50 /  Amount Tendered - 50 / Balance - 0 Deliver (2) Slim Container with Fauset / '),('m. nhoy','1034','Household','2023-12-07 16:51:38','Pay Credit - 25 /  Amount Tendered - 25 / Balance - 0 Deliver (1) Slim Container with Fauset / '),('Sendang ','1098','Household','2023-12-07 16:51:43','Pay Credit - 25 /  Amount Tendered - 25 / Balance - 0 Deliver (1) Slim Container with Fauset / '),('apu linda','1033','Household','2023-12-07 16:51:48','Pay Credit - 25 /  Amount Tendered - 25 / Balance - 0 Deliver (1) Slim Container with Fauset / '),('Lola VI','1029','Household','2023-12-07 16:51:53','Pay Credit - 75 /  Amount Tendered - 75 / Balance - 0 Deliver (3) Slim Container with Fauset / '),('Apt. Ka Ling','1003','Household','2023-12-07 16:52:00','Pay Credit - 50 /  Amount Tendered - 50 / Balance - 0 Deliver (2) Slim Container with Fauset / '),('Teresa','1001','Household','2023-12-07 16:52:06','Pay Credit - 25 /  Amount Tendered - 25 / Balance - 0 Deliver (1) Slim Container with Fauset / '),('SMDC Engineer','1054','Household','2023-12-07 16:52:13','Pay Credit - 50 /  Amount Tendered - 50 / Balance - 0 Deliver (2) Round Container / '),('ELECTRICAL','1016','Dealer','2023-12-07 16:52:25','Pay Credit - 60 /  Amount Tendered - 60 / Balance - 0 Deliver (3) Round Container / '),('MPPVI-Acctg','1083','Household','2023-12-07 16:52:31','Pay Credit - 50 /  Amount Tendered - 50 / Balance - 0 Deliver (2) Round Container / '),('Rollcrew','1075','Household','2023-12-07 16:52:40','Pay Credit - 125 /  Amount Tendered - 125 / Balance - 0 Deliver (5) Round Container / '),('TECO EMS','1017','Dealer','2023-12-07 16:52:53','Pay Credit - 40 /  Amount Tendered - 40 / Balance - 0 Deliver (2) Round Container / '),('SMDC Jasper','1057','Household','2023-12-07 16:52:58','Pay Credit - 125 /  Amount Tendered - 125 / Balance - 0 Deliver (5) Round Container / '),('SMDC barracks','1058','Household','2023-12-07 16:53:00','Deliver (10) Round Container / /Pay 250'),('SMDC barracks','1058','Household','2023-12-08 17:10:10','Pay Credit - 200 Deliver (10) Round Container / '),('Regie','1072','Household','2023-12-08 17:10:58','Pay Credit - 75 /  Amount Tendered - 75 / Balance - 0 Deliver (3) Slim Container with Fauset / '),('Joel','1002','Household','2023-12-08 17:11:08','Pay Credit - 25 /  Amount Tendered - 25 / Balance - 0 Deliver (1) Slim Container with Fauset / '),('Ka Beth','1004','Household','2023-12-08 17:11:19','Pay Credit - 75 /  Amount Tendered - 75 / Balance - 0 Deliver (3) Slim Container with Fauset / '),('cindy','1037','Household','2023-12-08 17:11:42','Pay Credit - 25 /  Amount Tendered - 25 / Balance - 0 Deliver (1) Slim Container with Fauset / '),('fishball ven','1046','Household','2023-12-08 17:11:52','Pay Credit - 25 /  Amount Tendered - 25 / Balance - 0 Deliver (1) Slim Container with Fauset / '),('SMDC Kalbo','1025','Household','2023-12-08 17:12:01','Pay Credit - 25 /  Amount Tendered - 25 / Balance - 0 Deliver (1) Slim Container with Fauset / '),('Liza','1006','Dealer','2023-12-08 17:12:27','Pay Credit - 40 /  Amount Tendered - 40 / Balance - 0 Deliver (2) Slim Container with Fauset / '),('kalaluti','1051','Dealer','2023-12-08 17:12:39','Pay Credit - 80 /  Amount Tendered - 80 / Balance - 0 Deliver (4) Slim Container with Fauset / '),('alvin','1066','Dealer','2023-12-08 17:12:49','Pay Credit - 20 /  Amount Tendered - 20 / Balance - 0 Deliver (1) Slim Container with Fauset / '),('SMDC Canteen','1055','Household','2023-12-08 17:13:01','Pay Credit - 50 /  Amount Tendered - 50 / Balance - 0 Deliver (2) Round Container / '),('SMDC Engineer','1054','Household','2023-12-08 17:13:11','Pay Credit - 100 /  Amount Tendered - 100 / Balance - 0 Deliver (4) Round Container / '),('SMDC barracks','1058','Household','2023-12-08 17:13:19','Pay Credit - 50 /  Amount Tendered - 50 / Balance - 0 Deliver (10) Round Container / '),('MMS- Shop','1090','Household','2023-12-08 17:13:25','Pay Credit - 250 /  Amount Tendered - 250 / Balance - 0 Deliver (10) Slim Container with Fauset / '),('shop','1059','Household','2023-12-08 17:13:30','Pay Credit - 250 /  Amount Tendered - 250 / Balance - 0 Deliver (10) Round Container / '),('Apu Sally','1024','Household','2023-12-09 16:49:12','Pay Credit - 100 /  Amount Tendered - 100 / Balance - 0 Deliver (4) Slim Container with Fauset / '),('patrick','1044','Household','2023-12-09 16:49:21','Pay Credit - 100 /  Amount Tendered - 100 / Balance - 0 Deliver (4) Slim Container with Fauset / '),('Barrera','1094','Household','2023-12-09 16:49:27','Pay Credit - 75 /  Amount Tendered - 75 / Balance - 0 Deliver (3) Slim Container with Fauset / '),('Puts','1073','Household','2023-12-09 16:49:33','Pay Credit - 25 /  Amount Tendered - 25 / Balance - 0 Deliver (1) Slim Container with Fauset / '),('Signal','1011','Reseller','2023-12-09 16:49:39','Pay Credit - 40 /  Amount Tendered - 40 / Balance - 0 Deliver (2) Slim Container with Fauset / '),('bilyaran','1040','Household','2023-12-09 16:49:45','Pay Credit - 75 /  Amount Tendered - 75 / Balance - 0 Deliver (3) Slim Container with Fauset / '),('Sendang ','1098','Household','2023-12-09 16:49:50','Pay Credit - 25 /  Amount Tendered - 25 / Balance - 0 Deliver (1) Slim Container with Fauset / '),('apu linda','1033','Household','2023-12-09 16:49:55','Pay Credit - 25 /  Amount Tendered - 25 / Balance - 0 Deliver (1) Slim Container with Fauset / '),('24th st','1093','Household','2023-12-09 16:50:12','Pay Credit - 25 /  Amount Tendered - 25 / Balance - 0 Deliver (1) Slim Container with Fauset / '),('fishball ven','1046','Household','2023-12-09 16:50:16','Pay Credit - 25 /  Amount Tendered - 25 / Balance - 0 Deliver (1) Slim Container with Fauset / '),('Teresa','1001','Household','2023-12-09 16:50:20','Pay Credit - 25 /  Amount Tendered - 25 / Balance - 0 Deliver (1) Slim Container with Fauset / '),('Ravenna','1013','Household','2023-12-09 16:50:23','Pay Credit - 25 /  Amount Tendered - 25 / Balance - 0 Deliver (1) Slim Container with Fauset / '),('Irene','1071','Household','2023-12-09 16:50:28','Pay Credit - 50 /  Amount Tendered - 50 / Balance - 0 Deliver (2) Slim Container with Fauset / '),('Vicky','1012','Household','2023-12-09 16:50:31','Pay Credit - 25 /  Amount Tendered - 25 / Balance - 0 Deliver (1) Slim Container with Fauset / '),('SMDC Canteen','1055','Household','2023-12-09 16:50:36','Pay Credit - 75 /  Amount Tendered - 75 / Balance - 0 Deliver (3) Round Container / '),('SMDC Jasper','1057','Household','2023-12-09 16:50:40','Pay Credit - 125 /  Amount Tendered - 125 / Balance - 0 Deliver (5) Round Container / '),('SMDC barracks','1058','Household','2023-12-09 16:50:44','Pay Credit - 250 /  Amount Tendered - 250 / Balance - 0 Deliver (10) Round Container / '),('Faocci','1099','Dealer','2024-01-08 15:52:21',' Added New Customer '),('Faocci','1099','Dealer','2024-01-08 16:10:34',' Edited Customer Information '),('Sir Ernie','1100','Dealer','2024-01-08 16:11:43',' Added New Customer '),('Sir Ernie','1100','Household','2024-01-08 16:12:12',' Edited Customer Information '),('ka yolly','1079','Household','2024-01-08 16:33:31','Pay Credit - 75 /  Amount Tendered - 75 / Balance - 0 Deliver (3) Slim Container with Fauset / '),('DC','1027','Household','2024-01-08 16:34:37','Pay Credit - 50 /  Amount Tendered - 50 / Balance - 0 Deliver (2) Slim Container with Fauset / '),('Sir Ernie','1100','Household','2024-01-08 16:38:40','Deliver (5) Slim Container with Fauset / /Pay 125'),('Melai','1007','Dealer','2024-01-08 16:43:15','Pay Credit - 120 /  Amount Tendered - 150 / Balance - 30 Deliver (6) Slim Container with Fauset / ');
/*!40000 ALTER TABLE `tbl_history` ENABLE KEYS */;
UNLOCK TABLES;

--
-- Table structure for table `tbl_item_list`
--

DROP TABLE IF EXISTS `tbl_item_list`;
/*!40101 SET @saved_cs_client     = @@character_set_client */;
/*!40101 SET character_set_client = utf8 */;
CREATE TABLE `tbl_item_list` (
  `Item_title` varchar(50) DEFAULT NULL,
  `type` varchar(45) DEFAULT NULL,
  `pos_item` varchar(45) DEFAULT NULL,
  `Household_deliver_charge` decimal(10,0) DEFAULT NULL,
  `Household_pickup_charge` decimal(10,0) DEFAULT NULL,
  `Household_purchase_charge` decimal(10,0) DEFAULT NULL,
  `Reseller_deliver_charge` decimal(10,0) DEFAULT NULL,
  `Reseller_pickup_charge` decimal(10,0) DEFAULT NULL,
  `Reseller_purchase_charge` decimal(10,0) DEFAULT NULL,
  `Dealer_deliver_charge` decimal(10,0) DEFAULT NULL,
  `Dealer_pickup_charge` decimal(10,0) DEFAULT NULL,
  `tbl_item_listcol` decimal(10,0) DEFAULT NULL,
  `discription` longtext,
  `Stocks` int(11) DEFAULT '0',
  `Borrowed` int(11) DEFAULT '0',
  `Damaged` int(11) DEFAULT '0',
  `qrCode` varchar(255) DEFAULT NULL
) ENGINE=InnoDB DEFAULT CHARSET=latin1;
/*!40101 SET character_set_client = @saved_cs_client */;

--
-- Dumping data for table `tbl_item_list`
--

LOCK TABLES `tbl_item_list` WRITE;
/*!40000 ALTER TABLE `tbl_item_list` DISABLE KEYS */;
INSERT INTO `tbl_item_list` VALUES ('Slim Container with Fauset','Container','Yes',25,25,170,20,20,170,20,20,170,'Default Value',200,0,0,'0480144103720'),('Round Container','Container','Yes',25,25,170,20,20,170,20,20,170,'Round Container',200,0,0,'8337800122059'),('Per Liter','Container','Yes',1,1,0,1,1,0,1,1,0,'Piso kada Litro (Water w/o Container)',9998,0,0,'7480166958227'),('Faucet Seal','Seal','No',0,0,0,0,0,0,0,0,0,'',0,0,0,'2018395028547'),('Big Cap Seal','Seal','No',0,0,0,0,0,0,0,0,0,'500 pieces /120 pesos all',0,0,0,'6546222853590'),('Small Cap Seal','Seal','No',0,0,0,0,0,0,0,0,0,'2000 pieces / 480 pesos all',0,0,0,'7170196099090'),('Filters','Filter','No',0,0,0,0,0,0,0,0,0,'2170 pesos per 2(two) months',0,0,0,'5936577306125'),('Electricity','Bills','No',0,0,0,0,0,0,0,0,0,'estimated 5000 per Month',0,0,0,'6425913288163'),('Water Test | Per Month','Bills','No',0,0,0,0,0,0,0,0,0,'200 pesos',0,0,0,'2431751925862'),('Water Test | Six(6) Month','Bills','No',0,0,0,0,0,0,0,0,0,'3000 per 6 months',0,0,0,'5993548241684'),('Salaries','Others','No',0,0,0,0,0,0,0,0,0,'300 a day per person weekly pay out',0,0,0,'8194782638392');
/*!40000 ALTER TABLE `tbl_item_list` ENABLE KEYS */;
UNLOCK TABLES;

--
-- Table structure for table `tbl_refilled`
--

DROP TABLE IF EXISTS `tbl_refilled`;
/*!40101 SET @saved_cs_client     = @@character_set_client */;
/*!40101 SET character_set_client = utf8 */;
CREATE TABLE `tbl_refilled` (
  `Refilled_gallon` int(11) DEFAULT NULL,
  `Date_refilled` datetime DEFAULT NULL,
  `Id_number` int(11) DEFAULT NULL,
  `Customer_name` longtext
) ENGINE=InnoDB DEFAULT CHARSET=latin1;
/*!40101 SET character_set_client = @saved_cs_client */;

--
-- Dumping data for table `tbl_refilled`
--

LOCK TABLES `tbl_refilled` WRITE;
/*!40000 ALTER TABLE `tbl_refilled` DISABLE KEYS */;
INSERT INTO `tbl_refilled` VALUES (1,'2023-12-01 00:00:00',1003,'Apt. Ka Ling'),(1,'2023-12-01 00:00:00',1002,'Joel'),(1,'2023-12-01 00:00:00',1001,'Teresa'),(1,'2023-12-01 00:00:00',1000,'Guest'),(2,'2023-12-01 00:00:00',1010,'Nhey'),(2,'2023-12-01 00:00:00',1011,'Signal'),(1,'2023-12-01 00:00:00',1012,'Vicky'),(4,'2023-12-01 00:00:00',1013,'Ravenna'),(2,'2023-12-01 00:00:00',1004,'Ka Beth'),(9,'2023-12-01 00:00:00',1005,'Janeth'),(7,'2023-12-01 00:00:00',1006,'Liza'),(13,'2023-12-01 00:00:00',1007,'Melai'),(7,'2023-12-01 00:00:00',1022,'Lago'),(4,'2023-12-01 00:00:00',1008,'Liezel '),(1,'2023-12-01 00:00:00',1023,'Chubby'),(3,'2023-12-01 00:00:00',1014,'JD Garments'),(10,'2023-12-01 00:00:00',1015,'TECO PLASTIC '),(2,'2023-12-01 00:00:00',1018,'SA6'),(1,'2023-12-01 00:00:00',1019,'ACT'),(5,'2023-12-01 00:00:00',1020,'ANDA ADMIN'),(1,'2023-12-02 00:00:00',1023,'Chubby'),(1,'2023-12-02 00:00:00',1009,'Buonu'),(1,'2023-12-02 00:00:00',1000,'Guest'),(1,'2023-12-02 00:00:00',1003,'Apt. Ka Ling'),(1,'2023-12-02 00:00:00',1002,'Joel'),(1,'2023-12-02 00:00:00',1001,'Teresa'),(2,'2023-12-02 00:00:00',1010,'Nhey'),(2,'2023-12-02 00:00:00',1011,'Signal'),(1,'2023-12-02 00:00:00',1012,'Vicky'),(2,'2023-12-02 00:00:00',1053,'SMDC Security'),(4,'2023-12-02 00:00:00',1054,'SMDC Engineer'),(6,'2023-12-02 00:00:00',1055,'SMDC Canteen'),(5,'2023-12-02 00:00:00',1056,'SMDC Rommel'),(5,'2023-12-02 00:00:00',1057,'SMDC Jasper'),(10,'2023-12-02 00:00:00',1058,'SMDC barracks'),(10,'2023-12-02 00:00:00',1059,'shop'),(4,'2023-12-03 00:00:00',1024,'Apu Sally'),(2,'2023-12-03 00:00:00',1025,'SMDC Kalbo'),(3,'2023-12-03 00:00:00',1026,'Lyka'),(5,'2023-12-03 00:00:00',1027,'DC'),(1,'2023-12-03 00:00:00',1028,'Barcebal'),(2,'2023-12-03 00:00:00',1046,'fishball ven'),(2,'2023-12-03 00:00:00',1071,'Irene'),(3,'2023-12-03 00:00:00',1072,'Regie'),(1,'2023-12-03 00:00:00',1073,'Puts'),(1,'2023-12-03 00:00:00',1074,'muslim'),(5,'2023-12-03 00:00:00',1051,'kalaluti'),(6,'2023-12-03 00:00:00',1066,'alvin'),(6,'2023-12-03 00:00:00',1067,'sol'),(1,'2023-12-03 00:00:00',1050,'chester'),(1,'2023-12-03 00:00:00',1044,'patrick'),(1,'2023-12-03 00:00:00',1046,'fishball ven'),(3,'2023-12-03 00:00:00',1045,'manny'),(1,'2023-12-03 00:00:00',1010,'Nhey'),(1,'2023-12-03 00:00:00',1016,'ELECTRICAL'),(10,'2023-12-03 00:00:00',1017,'TECO EMS'),(11,'2023-12-03 00:00:00',1075,'Rollcrew'),(5,'2023-12-03 00:00:00',1055,'SMDC Canteen'),(5,'2023-12-03 00:00:00',1057,'SMDC Jasper'),(4,'2023-12-03 00:00:00',1054,'SMDC Engineer'),(10,'2023-12-03 00:00:00',1068,'janet'),(6,'2023-12-03 00:00:00',1007,'Melai'),(1,'2023-12-03 00:00:00',1000,'Guest'),(1,'2023-12-04 00:00:00',1077,'Rolly '),(1,'2023-12-04 00:00:00',1002,'Joel'),(1,'2023-12-04 00:00:00',1012,'Vicky'),(1,'2023-12-04 00:00:00',1044,'patrick'),(2,'2023-12-04 00:00:00',1010,'Nhey'),(1,'2023-12-04 00:00:00',1078,'Apu Nida'),(1,'2023-12-04 00:00:00',1004,'Ka Beth'),(2,'2023-12-04 00:00:00',1037,'cindy'),(2,'2023-12-04 00:00:00',1080,'cynthia'),(1,'2023-12-04 00:00:00',1081,'Talipapa'),(1,'2023-12-04 00:00:00',1082,'balong '),(1,'2023-12-04 00:00:00',1003,'Apt. Ka Ling'),(5,'2023-12-04 00:00:00',1013,'Ravenna'),(2,'2023-12-04 00:00:00',1051,'kalaluti'),(3,'2023-12-04 00:00:00',1066,'alvin'),(6,'2023-12-04 00:00:00',1067,'sol'),(4,'2023-12-04 00:00:00',1069,'ellecel'),(12,'2023-12-04 00:00:00',1005,'Janeth'),(2,'2023-12-04 00:00:00',1052,'roque'),(1,'2023-12-05 00:00:00',1046,'fishball ven'),(1,'2023-12-05 00:00:00',1050,'chester'),(6,'2023-12-05 00:00:00',1006,'Liza'),(6,'2023-12-05 00:00:00',1007,'Melai'),(6,'2023-12-05 00:00:00',1022,'Lago'),(5,'2023-12-05 00:00:00',1089,'SMDC allen'),(5,'2023-12-05 00:00:00',1057,'SMDC Jasper'),(10,'2023-12-05 00:00:00',1090,'MMS- Shop'),(5,'2023-12-05 00:00:00',1075,'Rollcrew'),(2,'2023-12-05 00:00:00',1018,'SA6'),(1,'2023-12-05 00:00:00',1044,'patrick'),(1,'2023-12-05 00:00:00',1091,'Lito'),(2,'2023-12-06 00:00:00',1079,'ka yolly'),(1,'2023-12-06 00:00:00',1092,'Jeff House'),(2,'2023-12-06 00:00:00',1093,'24th st'),(1,'2023-12-06 00:00:00',1071,'Irene'),(3,'2023-12-06 00:00:00',1094,'Barrera'),(1,'2023-12-06 00:00:00',1046,'fishball ven'),(4,'2023-12-06 00:00:00',1095,'Budie'),(2,'2023-12-06 00:00:00',1096,'28th st'),(2,'2023-12-06 00:00:00',1000,'Guest'),(2,'2023-12-06 00:00:00',1010,'Nhey'),(5,'2023-12-06 00:00:00',1014,'JD Garments'),(5,'2023-12-06 00:00:00',1054,'SMDC Engineer'),(10,'2023-12-06 00:00:00',1058,'SMDC barracks'),(2,'2023-12-07 00:00:00',1097,'m. Alex'),(2,'2023-12-07 00:00:00',1046,'fishball ven'),(1,'2023-12-07 00:00:00',1034,'m. nhoy'),(1,'2023-12-07 00:00:00',1098,'Sendang '),(1,'2023-12-07 00:00:00',1033,'apu linda'),(3,'2023-12-07 00:00:00',1029,'Lola VI'),(2,'2023-12-07 00:00:00',1003,'Apt. Ka Ling'),(1,'2023-12-07 00:00:00',1001,'Teresa'),(2,'2023-12-07 00:00:00',1054,'SMDC Engineer'),(3,'2023-12-07 00:00:00',1016,'ELECTRICAL'),(2,'2023-12-07 00:00:00',1083,'MPPVI-Acctg'),(5,'2023-12-07 00:00:00',1075,'Rollcrew'),(2,'2023-12-07 00:00:00',1017,'TECO EMS'),(5,'2023-12-07 00:00:00',1057,'SMDC Jasper'),(10,'2023-12-07 00:00:00',1058,'SMDC barracks'),(2,'2023-12-07 00:00:00',1000,'Guest'),(3,'2023-12-08 00:00:00',1072,'Regie'),(1,'2023-12-08 00:00:00',1002,'Joel'),(3,'2023-12-08 00:00:00',1004,'Ka Beth'),(2,'2023-12-08 00:00:00',1027,'DC'),(1,'2023-12-08 00:00:00',1037,'cindy'),(1,'2023-12-08 00:00:00',1046,'fishball ven'),(1,'2023-12-08 00:00:00',1025,'SMDC Kalbo'),(1,'2023-12-08 00:00:00',1050,'chester'),(2,'2023-12-08 00:00:00',1006,'Liza'),(4,'2023-12-08 00:00:00',1051,'kalaluti'),(1,'2023-12-08 00:00:00',1066,'alvin'),(2,'2023-12-08 00:00:00',1055,'SMDC Canteen'),(4,'2023-12-08 00:00:00',1054,'SMDC Engineer'),(10,'2023-12-08 00:00:00',1058,'SMDC barracks'),(5,'2023-12-08 00:00:00',1020,'ANDA ADMIN'),(10,'2023-12-08 00:00:00',1090,'MMS- Shop'),(10,'2023-12-08 00:00:00',1059,'shop'),(4,'2023-12-09 00:00:00',1024,'Apu Sally'),(4,'2023-12-09 00:00:00',1044,'patrick'),(3,'2023-12-09 00:00:00',1094,'Barrera'),(1,'2023-12-09 00:00:00',1073,'Puts'),(2,'2023-12-09 00:00:00',1011,'Signal'),(3,'2023-12-09 00:00:00',1040,'bilyaran'),(1,'2023-12-09 00:00:00',1098,'Sendang '),(1,'2023-12-09 00:00:00',1033,'apu linda'),(1,'2023-12-09 00:00:00',1093,'24th st'),(1,'2023-12-09 00:00:00',1046,'fishball ven'),(1,'2023-12-09 00:00:00',1001,'Teresa'),(1,'2023-12-09 00:00:00',1013,'Ravenna'),(2,'2023-12-09 00:00:00',1071,'Irene'),(1,'2023-12-09 00:00:00',1012,'Vicky'),(5,'2023-12-09 00:00:00',1006,'Liza'),(12,'2023-12-09 00:00:00',1007,'Melai'),(2,'2023-12-09 00:00:00',1022,'Lago'),(3,'2023-12-09 00:00:00',1055,'SMDC Canteen'),(5,'2023-12-09 00:00:00',1057,'SMDC Jasper'),(10,'2023-12-09 00:00:00',1058,'SMDC barracks'),(2,'2023-12-11 00:00:00',1027,'DC'),(3,'2023-12-11 00:00:00',1079,'ka yolly'),(8,'2023-12-11 00:00:00',1092,'Jeff House'),(2,'2023-12-11 00:00:00',1080,'cynthia'),(1,'2023-12-11 00:00:00',1039,'maria malapit sa tindahan'),(3,'2023-12-11 00:00:00',1095,'Budie'),(10,'2023-12-11 00:00:00',1058,'SMDC barracks'),(4,'2023-12-11 00:00:00',1055,'SMDC Canteen'),(5,'2023-12-11 00:00:00',1057,'SMDC Jasper'),(5,'2023-12-11 00:00:00',1089,'SMDC allen'),(4,'2023-12-11 00:00:00',1054,'SMDC Engineer'),(3,'2024-01-08 00:00:00',1099,'Faocci'),(5,'2024-01-08 00:00:00',1100,'Sir Ernie'),(1,'2024-01-08 00:00:00',1100,'Sir Ernie');
/*!40000 ALTER TABLE `tbl_refilled` ENABLE KEYS */;
UNLOCK TABLES;

--
-- Table structure for table `tbl_sales`
--

DROP TABLE IF EXISTS `tbl_sales`;
/*!40101 SET @saved_cs_client     = @@character_set_client */;
/*!40101 SET character_set_client = utf8 */;
CREATE TABLE `tbl_sales` (
  `amount` decimal(10,0) DEFAULT NULL,
  `Customer_name` varchar(45) DEFAULT NULL,
  `classification` varchar(45) DEFAULT NULL,
  `Id_number` int(11) DEFAULT NULL,
  `date_of_sale` datetime DEFAULT NULL,
  `delivered_by` longtext,
  `Sold_item` longtext,
  `TN` int(11) NOT NULL AUTO_INCREMENT,
  PRIMARY KEY (`TN`)
) ENGINE=InnoDB AUTO_INCREMENT=152 DEFAULT CHARSET=latin1;
/*!40101 SET character_set_client = @saved_cs_client */;

--
-- Dumping data for table `tbl_sales`
--

LOCK TABLES `tbl_sales` WRITE;
/*!40000 ALTER TABLE `tbl_sales` DISABLE KEYS */;
INSERT INTO `tbl_sales` VALUES (25,'Guest','Household',1000,'2023-12-01 00:00:00','N/A','Pick-up (1) Slim Container with Fauset / ',1),(25,'Apt. Ka Ling','Household',1003,'2023-12-01 00:00:00','Ralph','Pay Credit- Deliver (1) Slim Container with Fauset / ',2),(25,'Joel','Household',1002,'2023-12-01 00:00:00','Ralph','Pay Credit- Deliver (1) Slim Container with Fauset / ',3),(25,'Teresa','Household',1001,'2023-12-01 00:00:00','Ralph','Pay Credit- Deliver (1) Slim Container with Fauset / ',4),(40,'Nhey','Reseller',1010,'2023-12-01 00:00:00','Ralph','Pay Credit- Deliver (2) Slim Container with Fauset / ',5),(40,'Signal','Reseller',1011,'2023-12-01 00:00:00','Ralph','Pay Credit- Deliver (2) Slim Container with Fauset / ',6),(25,'Vicky','Household',1012,'2023-12-01 00:00:00','Ralph','Pay Credit- Deliver (1) Slim Container with Fauset / ',7),(100,'Ravenna','Household',1013,'2023-12-01 00:00:00','Ralph','Pay Credit- Deliver (4) Slim Container with Fauset / ',8),(50,'Ka Beth','Household',1004,'2023-12-01 00:00:00','Ralph','Pay Credit- Deliver (2) Slim Container with Fauset / ',9),(225,'Janeth','Household',1005,'2023-12-01 00:00:00','Ralph','Pay Credit- Deliver (9) Slim Container with Fauset / ',10),(175,'Liza','Household',1006,'2023-12-01 00:00:00','Ralph','Pay Credit- Deliver (7) Slim Container with Fauset / ',11),(325,'Melai','Household',1007,'2023-12-01 00:00:00','Ralph','Pay Credit- Deliver (13) Slim Container with Fauset / ',12),(175,'Lago','Household',1022,'2023-12-01 00:00:00','Ralph','Pay Credit- Deliver (7) Slim Container with Fauset / ',13),(100,'Liezel ','Household',1008,'2023-12-01 00:00:00','Ralph','Pay Credit- Deliver (4) Slim Container with Fauset / ',14),(25,'Chubby','Household',1023,'2023-12-01 00:00:00','Ralph','Pay Credit- Deliver (1) Slim Container with Fauset / ',15),(60,'JD Garments','Dealer',1014,'2023-12-01 00:00:00','Ralph','Pay Credit- Deliver (3) Slim Container with Fauset / ',16),(250,'TECO PLASTIC ','Household',1015,'2023-12-01 00:00:00','Ralph','Pay Credit- Deliver (10) Slim Container with Fauset / ',17),(40,'SA6','Dealer',1018,'2023-12-01 00:00:00','Ralph','Pay Credit- Deliver (2) Slim Container with Fauset / ',18),(20,'ACT','Dealer',1019,'2023-12-01 00:00:00','Ralph','Pay Credit- Deliver (1) Slim Container with Fauset / ',19),(100,'ANDA ADMIN','Dealer',1020,'2023-12-01 00:00:00','Ralph','Pay Credit- Deliver (5) Slim Container with Fauset / ',20),(25,'Guest','Household',1000,'2023-12-02 00:00:00','Ralph','Deliver (1) Slim Container with Fauset / ',21),(25,'Apt. Ka Ling','Household',1003,'2023-12-02 00:00:00','Ralph','Deliver (1) Slim Container with Fauset / ',22),(20,'chester','Dealer',1050,'2023-12-03 00:00:00','Ralph','Pay Credit- Deliver (1) Slim Container with Fauset / ',23),(120,'sol','Dealer',1067,'2023-12-03 00:00:00','Ralph','Pay Credit- Deliver (6) Round Container / ',24),(120,'alvin','Dealer',1066,'2023-12-03 00:00:00','Ralph','Pay Credit- Deliver (6) Round Container / ',25),(100,'kalaluti','Dealer',1051,'2023-12-03 00:00:00','Ralph','Pay Credit- Deliver (5) Round Container / ',26),(25,'Chubby','Household',1023,'2023-12-03 00:00:00','Ralph','Pay Credit- Deliver (1) Slim Container with Fauset / ',27),(25,'Joel','Household',1002,'2023-12-03 00:00:00','Ralph','Pay Credit- Deliver (1) Slim Container with Fauset / ',28),(25,'Teresa','Household',1001,'2023-12-03 00:00:00','Ralph','Deliver (1) Slim Container with Fauset / ',29),(40,'Nhey','Reseller',1010,'2023-12-03 00:00:00','Ralph','Pay Credit- Deliver (2) Slim Container with Fauset / ',30),(40,'Signal','Reseller',1011,'2023-12-03 00:00:00','Ralph','Pay Credit- Deliver (2) Slim Container with Fauset / ',31),(25,'Vicky','Household',1012,'2023-12-03 00:00:00','Ralph','Pay Credit- Deliver (1) Slim Container with Fauset / ',32),(100,'SMDC Engineer','Household',1054,'2023-12-03 00:00:00','Ralph','Pay Credit- Deliver (4) Slim Container with Fauset / ',33),(150,'SMDC Canteen','Household',1055,'2023-12-03 00:00:00','Ralph','Pay Credit- Deliver (6) Slim Container with Fauset / ',34),(125,'SMDC Rommel','Household',1056,'2023-12-03 00:00:00','Ralph','Pay Credit- Deliver (5) Slim Container with Fauset / ',35),(125,'SMDC Jasper','Household',1057,'2023-12-03 00:00:00','Ralph','Pay Credit- Deliver (5) Round Container / ',36),(250,'SMDC barracks','Household',1058,'2023-12-03 00:00:00','Ralph','Pay Credit- Deliver (10) Round Container / ',37),(100,'Apu Sally','Household',1024,'2023-12-03 00:00:00','Ralph','Pay Credit- Deliver (4) Slim Container with Fauset / ',38),(50,'SMDC Kalbo','Household',1025,'2023-12-03 00:00:00','Ralph','Pay Credit- Deliver (2) Slim Container with Fauset / ',39),(75,'Lyka','Household',1026,'2023-12-03 00:00:00','Ralph','Pay Credit- Deliver (3) Slim Container with Fauset / ',40),(125,'DC','Household',1027,'2023-12-03 00:00:00','Ralph','Pay Credit- Deliver (5) Slim Container with Fauset / ',41),(25,'Barcebal','Household',1028,'2023-12-03 00:00:00','Ralph','Pay Credit- Deliver (1) Slim Container with Fauset / ',42),(50,'fishball ven','Household',1046,'2023-12-03 00:00:00','maam emms','Pay Credit- Deliver (2) Slim Container with Fauset / ',43),(50,'Irene','Household',1071,'2023-12-03 00:00:00','Ralph','Pay Credit- Deliver (2) Slim Container with Fauset / ',44),(75,'Regie','Household',1072,'2023-12-03 00:00:00','Ralph','Pay Credit- Deliver (3) Slim Container with Fauset / ',45),(25,'Puts','Household',1073,'2023-12-03 00:00:00','Ralph','Pay Credit- Deliver (1) Slim Container with Fauset / ',46),(25,'muslim','Household',1074,'2023-12-03 00:00:00','Ralph','Pay Credit- Deliver (1) Slim Container with Fauset / ',47),(25,'Nhey','Household',1010,'2023-12-03 00:00:00','Ralph','Deliver (1) Slim Container with Fauset / ',48),(25,'Guest','Household',1000,'2023-12-03 00:00:00','N/A','Pick-up (1) Slim Container with Fauset / ',49),(20,'ELECTRICAL','Dealer',1016,'2023-12-03 00:00:00','Ralph','Deliver (1) Slim Container with Fauset / ',50),(250,'Rollcrew','Household',1075,'2023-12-03 00:00:00','maam emms','Deliver (10) Round Container / ',51),(125,'SMDC Canteen','Household',1055,'2023-12-03 00:00:00','maam emms','Deliver (5) Round Container / ',52),(25,'Buonu','Household',1009,'2023-12-04 00:00:00','Ralph','Deliver (1) Slim Container with Fauset / ',53),(50,'SMDC Security','Household',1053,'2023-12-04 00:00:00','Ralph','Deliver (2) Slim Container with Fauset / ',54),(250,'shop','Household',1059,'2023-12-04 00:00:00','Ralph','Deliver (10) Round Container / ',55),(25,'patrick','Household',1044,'2023-12-04 00:00:00','maam emms','Deliver (1) Slim Container with Fauset / ',56),(25,'fishball ven','Household',1046,'2023-12-04 00:00:00','maam emms','Deliver (1) Slim Container with Fauset / ',57),(75,'manny','Household',1045,'2023-12-04 00:00:00','maam emms','Deliver (3) Slim Container with Fauset / ',58),(200,'TECO EMS','Dealer',1017,'2023-12-04 00:00:00','maam emms','Deliver (10) Round Container / ',59),(125,'SMDC Jasper','Household',1057,'2023-12-04 00:00:00','maam emms','Deliver (5) Round Container / ',60),(100,'SMDC Engineer','Household',1054,'2023-12-04 00:00:00','maam emms','Deliver (4) Round Container / ',61),(200,'janet','Dealer',1068,'2023-12-04 00:00:00','maam emms','Deliver (10) Round Container / ',62),(120,'Melai','Dealer',1007,'2023-12-04 00:00:00','maam emms','Deliver (6) Slim Container with Fauset / ',63),(125,'Ravenna','Household',1013,'2023-12-04 00:00:00','maam emms','Pay Credit- Deliver (5) Slim Container with Fauset / ',64),(25,'Apt. Ka Ling','Household',1003,'2023-12-04 00:00:00','maam emms','Pay Credit- Deliver (1) Slim Container with Fauset / ',65),(25,'balong ','Household',1082,'2023-12-04 00:00:00','maam emms','Pay Credit- Deliver (1) Round Container / ',66),(25,'Talipapa','Household',1081,'2023-12-04 00:00:00','maam emms','Pay Credit- Deliver (1) Slim Container with Fauset / ',67),(50,'cynthia','Household',1080,'2023-12-04 00:00:00','maam emms','Pay Credit- Deliver (2) Slim Container with Fauset / ',68),(50,'cindy','Household',1037,'2023-12-04 00:00:00','maam emms','Pay Credit- Deliver (2) Slim Container with Fauset / ',69),(25,'Ka Beth','Household',1004,'2023-12-04 00:00:00','maam emms','Pay Credit- Deliver (1) Slim Container with Fauset / ',70),(25,'Apu Nida','Household',1078,'2023-12-04 00:00:00','Ralph','Pay Credit- Deliver (1) Slim Container with Fauset / ',71),(50,'Nhey','Household',1010,'2023-12-04 00:00:00','maam emms','Pay Credit- Deliver (2) Slim Container with Fauset / ',72),(25,'patrick','Household',1044,'2023-12-04 00:00:00','Ralph','Pay Credit- Deliver (1) Slim Container with Fauset / ',73),(25,'Vicky','Household',1012,'2023-12-04 00:00:00','Ralph','Pay Credit- Deliver (1) Slim Container with Fauset / ',74),(25,'Joel','Household',1002,'2023-12-04 00:00:00','Ralph','Pay Credit- Deliver (1) Slim Container with Fauset / ',75),(25,'Rolly ','Household',1077,'2023-12-04 00:00:00','Ralph','Pay Credit- Deliver (1) Slim Container with Fauset / ',76),(40,'kalaluti','Dealer',1051,'2023-12-05 00:00:00','maam emms','Deliver (2) Round Container / ',77),(40,'roque','Dealer',1052,'2023-12-05 00:00:00','maam emms','Deliver (2) Slim Container with Fauset / ',78),(240,'Janeth','Dealer',1005,'2023-12-05 00:00:00','maam emms','Deliver (12) Round Container / ',79),(80,'ellecel','Dealer',1069,'2023-12-05 00:00:00','maam emms','Deliver (4) Slim Container with Fauset / ',80),(120,'sol','Dealer',1067,'2023-12-05 00:00:00','maam emms','Deliver (6) Slim Container with Fauset / ',81),(60,'alvin','Dealer',1066,'2023-12-05 00:00:00','maam emms','Deliver (3) Slim Container with Fauset / ',82),(25,'fishball ven','Household',1046,'2023-12-05 00:00:00','Ralph','Pay Credit- Deliver (1) Slim Container with Fauset / ',83),(125,'SMDC Jasper','Household',1057,'2023-12-05 00:00:00','Ralph','Pay Credit- Deliver (5) Round Container / ',84),(250,'MMS- Shop','Household',1090,'2023-12-05 00:00:00','Ralph','Pay Credit- Deliver (10) Round Container / ',85),(125,'Rollcrew','Household',1075,'2023-12-05 00:00:00','Ralph','Pay Credit- Deliver (5) Round Container / ',86),(40,'SA6','Dealer',1018,'2023-12-05 00:00:00','Ralph','Pay Credit- Deliver (2) Round Container / ',87),(50,'Guest','Household',1000,'2023-12-06 00:00:00','N/A','Pick-up (2) Slim Container with Fauset / ',88),(50,'ka yolly','Household',1079,'2023-12-06 00:00:00','Ralph','Pay Credit- Deliver (2) Slim Container with Fauset / ',89),(25,'Jeff House','Household',1092,'2023-12-06 00:00:00','Ralph','Pay Credit- Deliver (1) Slim Container with Fauset / ',90),(50,'24th st','Household',1093,'2023-12-06 00:00:00','Ralph','Pay Credit- Deliver (2) Slim Container with Fauset / ',91),(25,'Irene','Household',1071,'2023-12-06 00:00:00','Ralph','Pay Credit- Deliver (1) Slim Container with Fauset / ',92),(75,'Barrera','Household',1094,'2023-12-06 00:00:00','Ralph','Pay Credit- Deliver (3) Slim Container with Fauset / ',93),(25,'fishball ven','Household',1046,'2023-12-06 00:00:00','Ralph','Pay Credit- Deliver (1) Slim Container with Fauset / ',94),(100,'Budie','Household',1095,'2023-12-06 00:00:00','Ralph','Pay Credit- Deliver (4) Slim Container with Fauset / ',95),(50,'28th st','Household',1096,'2023-12-06 00:00:00','Ralph','Pay Credit- Deliver (2) Slim Container with Fauset / ',96),(50,'Nhey','Household',1010,'2023-12-06 00:00:00','Ralph','Pay Credit- Deliver (2) Slim Container with Fauset / ',97),(125,'JD Garments','Household',1014,'2023-12-06 00:00:00','Ralph','Pay Credit- Deliver (5) Round Container / ',98),(125,'SMDC Engineer','Household',1054,'2023-12-06 00:00:00','Ralph','Pay Credit- Deliver (5) Round Container / ',99),(250,'SMDC barracks','Household',1058,'2023-12-06 00:00:00','Ralph','Pay Credit- Deliver (10) Round Container / ',100),(50,'m. Alex','Household',1097,'2023-12-07 00:00:00','Ralph','Pay Credit- Deliver (2) Slim Container with Fauset / ',101),(50,'fishball ven','Household',1046,'2023-12-07 00:00:00','Ralph','Pay Credit- Deliver (2) Slim Container with Fauset / ',102),(25,'m. nhoy','Household',1034,'2023-12-07 00:00:00','Ralph','Pay Credit- Deliver (1) Slim Container with Fauset / ',103),(25,'Sendang ','Household',1098,'2023-12-07 00:00:00','Ralph','Pay Credit- Deliver (1) Slim Container with Fauset / ',104),(25,'apu linda','Household',1033,'2023-12-07 00:00:00','Ralph','Pay Credit- Deliver (1) Slim Container with Fauset / ',105),(75,'Lola VI','Household',1029,'2023-12-07 00:00:00','Ralph','Pay Credit- Deliver (3) Slim Container with Fauset / ',106),(50,'Apt. Ka Ling','Household',1003,'2023-12-07 00:00:00','Ralph','Pay Credit- Deliver (2) Slim Container with Fauset / ',107),(25,'Teresa','Household',1001,'2023-12-07 00:00:00','Ralph','Pay Credit- Deliver (1) Slim Container with Fauset / ',108),(50,'SMDC Engineer','Household',1054,'2023-12-07 00:00:00','Ralph','Pay Credit- Deliver (2) Round Container / ',109),(60,'ELECTRICAL','Dealer',1016,'2023-12-07 00:00:00','Ralph','Pay Credit- Deliver (3) Round Container / ',110),(50,'MPPVI-Acctg','Household',1083,'2023-12-07 00:00:00','Ralph','Pay Credit- Deliver (2) Round Container / ',111),(125,'Rollcrew','Household',1075,'2023-12-07 00:00:00','Ralph','Pay Credit- Deliver (5) Round Container / ',112),(40,'TECO EMS','Dealer',1017,'2023-12-07 00:00:00','Ralph','Pay Credit- Deliver (2) Round Container / ',113),(125,'SMDC Jasper','Household',1057,'2023-12-07 00:00:00','Ralph','Pay Credit- Deliver (5) Round Container / ',114),(250,'SMDC barracks','Household',1058,'2023-12-07 00:00:00','Ralph','Deliver (10) Round Container / ',115),(200,'SMDC barracks','Household',1058,'2023-12-08 00:00:00','Ralph','Pay Credit - Deliver (10) Round Container / ',116),(75,'Regie','Household',1072,'2023-12-08 00:00:00','Ralph','Pay Credit- Deliver (3) Slim Container with Fauset / ',117),(25,'Joel','Household',1002,'2023-12-08 00:00:00','Ralph','Pay Credit- Deliver (1) Slim Container with Fauset / ',118),(75,'Ka Beth','Household',1004,'2023-12-08 00:00:00','Ralph','Pay Credit- Deliver (3) Slim Container with Fauset / ',119),(25,'cindy','Household',1037,'2023-12-08 00:00:00','Ralph','Pay Credit- Deliver (1) Slim Container with Fauset / ',120),(25,'fishball ven','Household',1046,'2023-12-08 00:00:00','Ralph','Pay Credit- Deliver (1) Slim Container with Fauset / ',121),(25,'SMDC Kalbo','Household',1025,'2023-12-08 00:00:00','Ralph','Pay Credit- Deliver (1) Slim Container with Fauset / ',122),(40,'Liza','Dealer',1006,'2023-12-08 00:00:00','Ralph','Pay Credit- Deliver (2) Slim Container with Fauset / ',123),(80,'kalaluti','Dealer',1051,'2023-12-08 00:00:00','Ralph','Pay Credit- Deliver (4) Slim Container with Fauset / ',124),(20,'alvin','Dealer',1066,'2023-12-08 00:00:00','Ralph','Pay Credit- Deliver (1) Slim Container with Fauset / ',125),(50,'SMDC Canteen','Household',1055,'2023-12-08 00:00:00','Ralph','Pay Credit- Deliver (2) Round Container / ',126),(100,'SMDC Engineer','Household',1054,'2023-12-08 00:00:00','Ralph','Pay Credit- Deliver (4) Round Container / ',127),(50,'SMDC barracks','Household',1058,'2023-12-08 00:00:00','Ralph','Pay Credit- Deliver (10) Round Container / ',128),(250,'MMS- Shop','Household',1090,'2023-12-08 00:00:00','Ralph','Pay Credit- Deliver (10) Slim Container with Fauset / ',129),(250,'shop','Household',1059,'2023-12-08 00:00:00','Ralph','Pay Credit- Deliver (10) Round Container / ',130),(100,'Apu Sally','Household',1024,'2023-12-09 00:00:00','Ralph','Pay Credit- Deliver (4) Slim Container with Fauset / ',131),(100,'patrick','Household',1044,'2023-12-09 00:00:00','Ralph','Pay Credit- Deliver (4) Slim Container with Fauset / ',132),(75,'Barrera','Household',1094,'2023-12-09 00:00:00','Ralph','Pay Credit- Deliver (3) Slim Container with Fauset / ',133),(25,'Puts','Household',1073,'2023-12-09 00:00:00','Ralph','Pay Credit- Deliver (1) Slim Container with Fauset / ',134),(40,'Signal','Reseller',1011,'2023-12-09 00:00:00','Ralph','Pay Credit- Deliver (2) Slim Container with Fauset / ',135),(75,'bilyaran','Household',1040,'2023-12-09 00:00:00','Ralph','Pay Credit- Deliver (3) Slim Container with Fauset / ',136),(25,'Sendang ','Household',1098,'2023-12-09 00:00:00','Ralph','Pay Credit- Deliver (1) Slim Container with Fauset / ',137),(25,'apu linda','Household',1033,'2023-12-09 00:00:00','Ralph','Pay Credit- Deliver (1) Slim Container with Fauset / ',138),(25,'24th st','Household',1093,'2023-12-09 00:00:00','Ralph','Pay Credit- Deliver (1) Slim Container with Fauset / ',139),(25,'fishball ven','Household',1046,'2023-12-09 00:00:00','Ralph','Pay Credit- Deliver (1) Slim Container with Fauset / ',140),(25,'Teresa','Household',1001,'2023-12-09 00:00:00','Ralph','Pay Credit- Deliver (1) Slim Container with Fauset / ',141),(25,'Ravenna','Household',1013,'2023-12-09 00:00:00','Ralph','Pay Credit- Deliver (1) Slim Container with Fauset / ',142),(50,'Irene','Household',1071,'2023-12-09 00:00:00','Ralph','Pay Credit- Deliver (2) Slim Container with Fauset / ',143),(25,'Vicky','Household',1012,'2023-12-09 00:00:00','Ralph','Pay Credit- Deliver (1) Slim Container with Fauset / ',144),(75,'SMDC Canteen','Household',1055,'2023-12-09 00:00:00','Ralph','Pay Credit- Deliver (3) Round Container / ',145),(125,'SMDC Jasper','Household',1057,'2023-12-09 00:00:00','Ralph','Pay Credit- Deliver (5) Round Container / ',146),(250,'SMDC barracks','Household',1058,'2023-12-09 00:00:00','Ralph','Pay Credit- Deliver (10) Round Container / ',147),(75,'ka yolly','Household',1079,'2024-01-08 00:00:00','Ralph','Pay Credit- Deliver (3) Slim Container with Fauset / ',148),(50,'DC','Household',1027,'2024-01-08 00:00:00','Ralph','Pay Credit- Deliver (2) Slim Container with Fauset / ',149),(125,'Sir Ernie','Household',1100,'2024-01-08 00:00:00','maam emms','Deliver (5) Slim Container with Fauset / ',150),(150,'Melai','Dealer',1007,'2024-01-08 00:00:00','Ralph','Deliver (6) Slim Container with Fauset / ',151);
/*!40000 ALTER TABLE `tbl_sales` ENABLE KEYS */;
UNLOCK TABLES;

--
-- Table structure for table `tbl_systemlog`
--

DROP TABLE IF EXISTS `tbl_systemlog`;
/*!40101 SET @saved_cs_client     = @@character_set_client */;
/*!40101 SET character_set_client = utf8 */;
CREATE TABLE `tbl_systemlog` (
  `LogDate` datetime DEFAULT NULL
) ENGINE=InnoDB DEFAULT CHARSET=latin1;
/*!40101 SET character_set_client = @saved_cs_client */;

--
-- Dumping data for table `tbl_systemlog`
--

LOCK TABLES `tbl_systemlog` WRITE;
/*!40000 ALTER TABLE `tbl_systemlog` DISABLE KEYS */;
/*!40000 ALTER TABLE `tbl_systemlog` ENABLE KEYS */;
UNLOCK TABLES;

--
-- Table structure for table `tbl_task`
--

DROP TABLE IF EXISTS `tbl_task`;
/*!40101 SET @saved_cs_client     = @@character_set_client */;
/*!40101 SET character_set_client = utf8 */;
CREATE TABLE `tbl_task` (
  `id` int(11) NOT NULL AUTO_INCREMENT,
  `Task` longtext,
  `Status` varchar(45) DEFAULT NULL,
  `Task_Date` datetime DEFAULT NULL,
  PRIMARY KEY (`id`)
) ENGINE=InnoDB AUTO_INCREMENT=2 DEFAULT CHARSET=latin1;
/*!40101 SET character_set_client = @saved_cs_client */;

--
-- Dumping data for table `tbl_task`
--

LOCK TABLES `tbl_task` WRITE;
/*!40000 ALTER TABLE `tbl_task` DISABLE KEYS */;
INSERT INTO `tbl_task` VALUES (1,'delivery','Completed','2024-01-17 00:00:00');
/*!40000 ALTER TABLE `tbl_task` ENABLE KEYS */;
UNLOCK TABLES;
/*!40103 SET TIME_ZONE=@OLD_TIME_ZONE */;

/*!40101 SET SQL_MODE=@OLD_SQL_MODE */;
/*!40014 SET FOREIGN_KEY_CHECKS=@OLD_FOREIGN_KEY_CHECKS */;
/*!40014 SET UNIQUE_CHECKS=@OLD_UNIQUE_CHECKS */;
/*!40101 SET CHARACTER_SET_CLIENT=@OLD_CHARACTER_SET_CLIENT */;
/*!40101 SET CHARACTER_SET_RESULTS=@OLD_CHARACTER_SET_RESULTS */;
/*!40101 SET COLLATION_CONNECTION=@OLD_COLLATION_CONNECTION */;
/*!40111 SET SQL_NOTES=@OLD_SQL_NOTES */;

-- Dump completed on 2024-01-12  9:05:19
